id,gforce,gx,gy,gz
46111,6.0149837587975605E-15,1.2824266735928102E-15,-6.337693664769448E-16,2.29949877694055E-16
54561,4.51886220063658E-15,-1.8511831697497946E-16,4.3929680794336403E-16,-1.7390983282901023E-15
59017,2.10919380060324E-15,7.906151224839465E-18,3.1317582365381203E-16,9.530996109296946E-16
4310,1.2128711165933568E-16,7.228028097667752E-17,-2.4448444993566736E-17,-7.644895671384081E-17
12156,4.653345216225805E-15,-1.1675982511792695E-15,1.0810757916879985E-16,-9.686550302459177E-16
19793,3.512945359923063E-16,1.8733336344118836E-16,-7.906040324871993E-17,1.7434250797831354E-16
20589,4.2890491191859325E-15,7.950525628857658E-16,1.102384374238022E-15,-6.316681143814829E-16
27381,5.375664083508497E-15,1.7779770149344402E-16,1.3670961152550738E-15,-6.040742325449308E-16
28504,4.994333593027939E-15,-5.942726706782122E-16,-1.0827512760869894E-15,-9.307367610891335E-16
29814,4.756050212720406E-16,-1.4240404045694898E-16,-2.983236388678309E-16,-7.944503618457108E-17
36061,2.6426411173936612E-15,1.0593961476612892E-15,1.94760959825137E-16,-6.106446319629867E-16
37893,1.8085517673355153E-15,-2.2177966576437837E-16,-9.305149788530206E-16,2.0241885588440454E-16
39928,3.358799759843924E-15,-1.2809476951529766E-15,3.991246680299147E-16,-1.910763502569985E-17
41987,1.7070593600856763E-15,3.4577037485607694E-16,4.2224195236336094E-16,-7.868682658147259E-16
42487,3.2543467943367604E-15,-1.120063965503749E-15,-4.993756926556579E-16,-7.022603085045695E-16
44554,2.7308468969685385E-16,-5.380608346389567E-17,7.140542203017808E-18,2.094678193080493E-16
249,2.209269681792149E-15,-5.137768682830184E-16,-7.699543408010335E-16,-5.384728861406735E-16
7793,2.0268110790698487E-15,-3.76651368304635E-17,-1.011908268248029E-15,2.0243055229594736E-16
12859,3.68142068912128E-15,-1.1804552148489325E-15,-2.1817159945360492E-16,-6.247998684596401E-16
26180,2.0418011137849625E-15,-4.163541991458519E-18,6.600234291854944E-17,1.0188281649634674E-15
29192,3.146548910354197E-15,1.1281086750243803E-15,-3.062157430288476E-16,-6.007602619263895E-16
32031,8.026413470337884E-16,3.3311682754808055E-17,-1.6005218831049621E-16,-4.880756875847476E-16
41733,3.0206317204192414E-16,7.721547513022376E-19,2.0857264505695474E-16,1.1551266767096227E-16
42872,5.41289706845142E-16,2.759053426066898E-16,-1.7242235849652587E-16,-1.9328469495421981E-16
46622,2.8634743380485853E-15,-7.534927975086017E-16,3.415857691853024E-16,7.830667144629588E-16
51020,5.533356550603682E-15,-4.270589964506465E-17,-4.469838682864896E-16,-1.5807068147707276E-15
54812,5.1382478181270445E-15,-1.030388603745415E-15,1.5532771155655013E-16,1.2158430739004414E-15
61671,2.529287603583809E-16,1.034869633986899E-16,6.520045449189111E-17,-1.6419176028888963E-16
44810,2.5551978893994605E-15,3.7657995889199837E-16,-7.227427037906823E-16,-8.566160136870491E-16
45670,7.90604782199742E-15,-5.669758406340201E-16,7.43636605243011E-16,5.541089388734322E-16
47691,3.185136925630111E-16,-1.659490998851751E-16,-1.3546508118429334E-16,1.068168030522545E-16
51327,3.1909687614977586E-15,-9.98741253055954E-16,6.099188227976791E-16,6.146573745229686E-16
54530,4.112787397261878E-15,-1.1681694908672556E-15,6.190434395889681E-16,7.837983033131885E-16
54569,2.9360883346570946E-15,-2.8419784381351328E-18,2.843387779382196E-17,-1.2110357775748535E-15
58434,2.5236696187516354E-15,-8.255486479870549E-16,-1.8205530636993624E-17,8.042832051786768E-16
62907,1.0677984787388606E-16,-5.818673121381896E-17,-1.0376580946319454E-17,-7.678806269654803E-17
9994,6.700814581563797E-16,2.6028285646141664E-16,-1.6253771235210728E-16,3.4919598973190105E-16
11345,2.637679579092078E-16,-5.825572425678656E-17,1.0183581839616897E-16,-1.7524542800587424E-16
12259,4.3546661082847964E-16,1.6395019461689696E-17,1.4652105859453464E-16,2.8204072873093285E-16
16159,3.0284200943169096E-15,-4.764630266329894E-16,1.0855667433565917E-15,2.8902414423202355E-16
23897,1.9914258119725574E-15,-8.942177436872147E-16,-3.11889952031433E-17,3.43821830035644E-16
23901,2.8567239673120853E-16,5.3311703109035476E-17,6.654834355553249E-18,-2.1895611537287058E-16
27580,6.327746689358872E-15,-6.206558666597167E-16,1.0515264681057763E-15,-1.3831733742900709E-16
30547,1.427082107985909E-16,-4.1824491165975306E-17,-3.909583169754409E-17,-1.1053222730698308E-16
31039,2.0901171166754874E-16,-1.4756893081743887E-16,2.4662699791980372E-17,8.991756776341507E-17
31255,9.906868931826186E-16,3.6176499833395365E-16,-7.693350991838854E-17,-4.994444139945722E-16
49662,3.1386463775124728E-15,-8.465637144929651E-16,9.741834307607595E-16,6.153325780783835E-16
51455,6.42752106139872E-16,2.18958627883895E-16,-3.835912888844802E-16,5.645520268756525E-17
928,2.4126250355292336E-16,1.0960885588856259E-16,-1.6024501415349158E-16,-1.5873518772018073E-17
1456,3.2029127648478856E-15,-1.2215019493008338E-15,3.6818975039280483E-16,-3.680042537045471E-16
1924,5.253026067634105E-15,-5.559869579163172E-16,9.20889607830468E-16,-1.8789499275928634E-15
6936,3.15108277959877E-15,-3.513380566696297E-16,-1.3108619659493083E-15,1.7485584721672747E-16
17144,6.088744589659703E-16,-3.790743424319206E-16,9.190494418559006E-18,-1.1215826973829105E-16
31872,9.572704060381496E-16,1.0384901877605593E-16,-5.88109656191301E-16,3.5496540195590035E-17
39179,2.0400570640470264E-15,-7.896646414347359E-16,-3.5131565283954304E-16,-5.849151503476566E-16
52873,9.934838996719055E-16,-2.418576639242965E-16,-9.988465198983995E-17,5.692130159755022E-16
59986,5.938749332363652E-15,-6.535468356607177E-16,-5.544560849058845E-16,9.655432238831565E-16
729,1.4015129669978248E-15,-4.4739470100302035E-17,3.152297635146443E-16,7.299101604813325E-16
4698,6.459922329257974E-16,4.241217228898248E-17,3.400411079821461E-16,2.3990751432663375E-16
6228,2.866530673461351E-15,6.936766374547248E-16,8.98349088531253E-16,2.9873326573887654E-16
9052,1.3501848903508659E-15,-5.620454111182071E-16,-2.993890415250508E-16,-4.871754784295807E-16
13459,3.783243745892464E-16,-2.3231550795117565E-16,7.439229522233046E-17,-1.3998133185986564E-16
15484,5.48289438050029E-15,-7.835689465636387E-16,1.1846390643762893E-16,1.355554507763413E-15
16189,7.926957355565264E-16,-4.166183467792513E-17,-4.1605250907242295E-16,-3.138769982687249E-16
17852,1.7536842842633877E-15,7.140064112461074E-17,3.3887964394835326E-17,7.394622673603256E-16
24573,2.4759141912850935E-15,-2.5648434743650506E-16,-1.062511677024767E-15,3.541928098910822E-16
30752,7.055451734331997E-15,3.646209719579701E-17,-6.125552239678906E-16,-1.1109554309466862E-15
33858,7.504923043763574E-16,-5.0883895966817284E-17,4.0016661009330013E-16,-2.742685243795592E-16
38523,3.726817052871433E-15,-1.4692749878186424E-15,3.059164417614334E-17,-8.02756228776497E-17
43388,1.4819674765490688E-15,-1.360426799054909E-16,-2.814480051411339E-16,7.917241423679436E-16
44946,3.7627234061272545E-15,9.664061589349056E-16,2.815518844216526E-16,-9.266533051435671E-16
45928,3.2404015824315076E-15,1.3950906768899368E-15,-2.47897722639925E-16,-4.0529948680119004E-20
49477,1.9655340649964493E-16,6.392456568780174E-17,1.1702307023134979E-18,1.4835361802675334E-16
56540,4.597787346066625E-16,3.168977164706798E-16,-3.7019240570396234E-17,6.875924747459737E-17
62714,2.567308946743114E-15,2.5189417172047854E-16,8.534156791031133E-16,-7.926264765757031E-16
62923,2.9385860845810954E-16,-1.41523113774323E-16,1.358865752060326E-16,-1.1712297808077786E-16
4952,1.2503575973482653E-16,2.5559435843899314E-18,7.461621062767925E-18,-1.1086521478474836E-16
5547,1.0582929980692209E-15,4.392302659112025E-16,1.3159645412820326E-17,4.519278275646237E-16
7309,2.3008990665403445E-15,7.130759218296687E-16,-8.212373011005146E-16,-3.1226351345578844E-16
8325,2.689516871392108E-16,-1.1505351956137337E-16,-1.793638800011228E-16,-1.1624688945681844E-17
8916,7.322811186746011E-16,3.77155476930532E-16,2.455544684080187E-16,1.820950005862409E-16
12049,2.673352216491958E-16,8.495545063470096E-17,-1.9415625260077927E-16,9.263865185039143E-18
14871,2.66554213562604E-15,8.65576850039272E-16,5.402149482299886E-16,5.212765844826768E-16
16046,3.4723625616985684E-16,-1.1350581729779546E-16,1.0362523829922173E-16,-2.1233821378847387E-16
18715,2.194692877506075E-15,-8.403448437533869E-16,2.853020768588236E-16,-7.104128549874421E-16
27360,2.140455830165309E-16,-4.7327787904260344E-17,1.4646784910740905E-16,-8.819093810632238E-17
29960,5.410003893670972E-16,7.694992586221649E-17,-3.643224746502283E-16,-3.619272331227252E-17
38409,7.501744874299413E-15,6.152400880056952E-16,3.194806715264684E-17,-5.826458619030665E-16
44674,5.216248287176551E-16,1.9663128639179064E-16,-2.0116431435208119E-16,-2.463522958539037E-16
1210,4.055110888296958E-16,-1.9804988292454825E-16,1.0857166617329827E-16,-1.9411482860361912E-16
1756,1.869052488127229E-15,-1.5887455201226347E-16,-2.1546410789077756E-16,-9.191260037695532E-16
2903,1.0895605013128032E-15,-2.5631754521370473E-16,1.2542619555107823E-16,-6.213270840843782E-16
3383,5.21453848924132E-15,-1.1272688993739465E-15,4.854024563221776E-16,1.1167405815296447E-15
4542,1.860180459515259E-15,6.829501288859091E-16,3.839273967490292E-16,-6.433851634479661E-16
14764,4.9713217926822905E-15,3.647552759904521E-16,-1.4490998499191878E-15,-5.386151311526453E-16
21300,5.237162545053097E-16,-1.2270788826701425E-16,2.304863673502099E-16,-2.660962917938541E-16
25436,5.573977003024098E-15,1.0723190129240733E-15,-9.137094887387338E-16,-7.732001233439181E-16
32151,1.0946624126076394E-15,-1.0145889564113089E-16,5.127993206185262E-16,-4.085478787301539E-16
32721,2.518738990520462E-15,9.732972515026553E-16,-2.1060395704681525E-16,6.133600680035772E-16
33148,7.052180063188152E-15,-1.3633108692917026E-16,-1.060296621990698E-15,1.0710374348757694E-15
33164,1.0138270602487488E-16,-5.590381883456225E-17,9.936314042124856E-18,-7.331382403503004E-17
34198,2.2754806144886615E-15,-2.9619130548288375E-16,8.446758603786678E-16,2.768924403132547E-16
42812,1.7570653816857967E-16,1.0070419430982394E-16,-1.0548401473448923E-16,-1.884759071619724E-17
53603,2.1055084574418243E-15,8.788200777855636E-17,-9.604949015099633E-16,4.443813023104646E-16
55131,5.879837680662574E-16,-3.7161429210061003E-16,1.3508202697312609E-16,1.0777477672757542E-16
60131,7.198213553690821E-16,-1.257841099055359E-16,4.1895700241632094E-16,1.2988809029078372E-16
46371,1.0706669391851742E-15,1.498173676258841E-17,-4.726215517174735E-16,-4.491287791228773E-16
47276,2.5751004718439694E-15,-9.033439583640964E-16,-8.210258560480445E-16,1.8704698770697171E-16
51889,1.2865137143908313E-15,2.240067111107138E-16,6.911006293540099E-16,2.2531137007722204E-16
52513,5.826851354361999E-15,-2.3761230406689056E-16,1.0863917564808437E-15,9.529838548684859E-16
131,6.608974408215795E-17,5.1286183303964E-17,2.0070718065008136E-18,-3.552951938360595E-17
354,4.474391554961488E-16,9.759095766765112E-17,2.5712971518804304E-16,1.6388369296818997E-16
3468,5.9388252237638695E-15,-7.895461868294904E-16,-2.1905318064854675E-15,-1.079757671037403E-15
4971,1.9535827502232236E-15,-4.827986596884927E-16,1.4948270074981853E-18,8.465281771160119E-16
6477,5.373864778016748E-15,-1.1007512702579523E-15,1.5175940011358523E-16,-1.0930863721752199E-15
8387,1.982105896101225E-16,-1.13077880943812E-16,1.1291126004444284E-16,-2.5633214025063007E-17
8481,3.875118834873628E-15,-4.573531392377831E-17,4.4373526144162127E-16,-1.5236735150549788E-15
9453,7.984511619313206E-15,-4.647223640604884E-16,-9.983613616340757E-16,-8.317856532492862E-16
10807,6.272218119454611E-15,1.1497252354444272E-15,-8.586968032216626E-16,3.176227916186621E-16
12002,1.996644687710026E-15,1.0154050906213859E-15,1.1021758691230018E-16,4.3219256794693844E-17
16155,2.1138504484671718E-16,1.2939285731106968E-16,9.263256624294942E-17,-6.621177213547924E-17
18930,1.1905037511837443E-16,-4.707656440877628E-17,-8.769296321467506E-17,3.508700695017121E-17
20310,3.875568290801807E-15,-2.3413623016234174E-16,8.838479602253236E-16,1.1681423587536077E-15
25044,2.77919991136559E-16,-1.7547209260168882E-16,3.1075716587693208E-19,-1.2812612003703264E-16
25791,6.0359566858414205E-15,-1.0995413033925575E-15,3.6188065108805036E-16,-5.278974369078234E-16
30192,5.850268880827526E-15,-9.750134034744673E-16,-7.464351072448731E-16,6.66619447237089E-16
31901,2.2391547826218956E-15,8.609159748281063E-16,3.1928017012946485E-16,5.81826410423406E-16
43539,1.1263333853937503E-15,1.982752962115916E-16,2.29417609938622E-16,-5.932250770357793E-16
47419,2.6572248201048626E-15,-1.1341707015267907E-15,2.9240721423103216E-16,-2.9476459216209384E-16
55322,5.240251202171235E-16,-7.112563920705991E-17,1.964884480500526E-16,2.9337473493405996E-16
55433,8.872187347336309E-16,4.9236108486650125E-17,5.409074746433996E-16,-7.882548513511924E-17
58769,3.8804135992463686E-16,-1.5006470439734225E-16,-2.4672301658449334E-16,4.1275677636995043E-17
5996,4.040256430500018E-16,9.996855392305174E-17,-2.764458524314141E-16,1.8062337625877052E-17
7782,1.2715631953942497E-15,-2.9906835636224154E-16,-2.4586210382709763E-16,6.379832143566773E-16
9642,4.0325423969647144E-16,-1.0899343097899036E-16,-2.771468920748827E-16,2.883678337786719E-17
14748,3.2830794756940273E-16,2.276358052734007E-16,1.0139404956580966E-16,-4.249102297849672E-17
24516,5.9621994964133735E-15,-1.4081033088042217E-15,-3.5146256222612857E-16,-8.479538773553603E-17
26188,2.537695936714715E-15,8.66769130550136E-16,-5.626022046366008E-16,-4.627057315388632E-16
32541,2.48377511077007E-15,-6.546372690341327E-16,-9.86520463420268E-16,2.4164473351225187E-16
38493,2.507849989845431E-15,-2.1800308074834432E-16,-4.009243088398536E-17,-1.123732361729711E-15
40701,4.871538623846003E-16,1.6999686253072238E-16,-2.0428665461259632E-16,2.2439874740489925E-16
1387,6.4532227058434365E-15,-1.301407032978569E-15,4.622663833911105E-16,5.397773114945918E-16
13073,6.3794257513121735E-15,6.416768029834663E-17,-8.335611707730852E-16,1.0443983395116873E-15
15313,4.4831709060084716E-15,7.133159755356126E-16,1.208754377932637E-15,2.493883613869267E-16
25362,9.849276335236148E-17,-7.711701080331497E-17,4.842430093917833E-18,4.102699729159204E-17
26696,2.564451593376918E-16,1.0309038890952881E-16,6.761208430950579E-19,-1.8167700296424043E-16
29365,2.283554994414255E-16,-1.288729914046729E-16,8.454040885053995E-17,1.0312136092627127E-16
37239,4.52237730329665E-16,6.811995362505186E-17,2.237557675513466E-16,2.3737817056353044E-16
38639,3.627161707470544E-15,4.994648039645875E-16,8.788850486001506E-16,1.022191168370958E-15
43028,1.833090479559559E-15,8.95891535842967E-16,4.729012916992207E-16,-1.0881389050468987E-17
47887,3.5002107277376044E-16,1.2339196119343089E-17,7.649819952613187E-17,2.6097265178187166E-16
57212,4.3779922087314726E-15,-3.606193427352851E-17,-8.737459836323475E-16,1.1844976870251866E-15
47970,8.821241676559875E-15,-6.818376284593204E-16,1.0700969458025793E-15,2.767040168445662E-16
51863,6.645058222837306E-16,-2.924697015406677E-17,4.219533396006253E-16,-1.384255047593945E-16
53237,3.594732069745609E-15,-3.0671454739201453E-16,1.2617543482789126E-15,6.970561430999745E-16
55056,4.0988970703655835E-15,-6.101865930393047E-16,-1.1569716206988989E-15,-7.477824667067845E-16
57319,1.6203445784850218E-15,-7.689331347695603E-16,-3.7685353988093885E-16,-2.958461558154064E-16
57699,1.204857503001509E-15,3.3596047644046786E-16,-5.88818342838436E-16,-1.081381650607826E-16
59419,6.259855502982928E-17,-2.2480683633771133E-17,4.5468217562834777E-17,-3.131108357648623E-17
60592,3.3101903382131628E-15,-1.4354152057354436E-16,-1.2519352303626844E-15,-6.377101250796526E-16
61122,5.858544486788733E-16,-3.791337986176923E-16,1.1297964317596508E-16,-8.334725273766731E-17
14065,7.595855628964397E-16,5.942324694924895E-18,4.2550975414925294E-16,2.4818235739978724E-16
20217,6.459300495849081E-16,4.3711733866896345E-16,-5.387391542335114E-17,4.143908923610781E-17
22024,5.4880693584945585E-15,-1.5046209558518564E-15,-5.592097294013394E-16,-2.5048009365479037E-16
23410,2.081776138916722E-15,-5.7813686127873035E-16,8.412436164091248E-16,2.655959453786912E-16
29493,4.385066867111501E-15,5.169223647627875E-16,-1.307556317655618E-15,4.899655430319867E-16
42597,5.352125697947169E-15,6.944128889434862E-16,-1.2775346916679155E-15,-7.519743823829476E-16
43559,9.546375465216148E-16,4.631883017697575E-16,-1.2550369869333855E-16,-3.5133241600833E-16
62603,4.758581556913875E-16,2.5609781394932514E-16,-1.6254336045164083E-17,2.2189558708743777E-16
12523,4.011601995674209E-16,-1.6174585738286626E-16,-2.2504411632643653E-16,-1.1054901192140622E-16
18677,8.269045269306253E-16,-2.5249304334006423E-18,-5.004153158135658E-16,1.8777947433070846E-16
20814,4.93682305606699E-16,-2.7881678170263424E-16,-1.7365654733445475E-16,1.2538723411212259E-16
20840,1.7398747098086566E-16,-1.337250395250593E-16,6.20494407453331E-17,2.347693289768418E-19
23204,1.5275876331493393E-15,5.448421392542656E-16,-4.884308103988612E-16,-2.078910982480215E-16
27634,1.107159130872567E-15,-6.499844970793633E-16,1.4086821325188055E-16,-1.4821696846717857E-16
33179,6.142769094446847E-15,1.3222537368278843E-15,-6.67319109761965E-16,-4.654791147825861E-16
43152,6.504678673922047E-16,-2.883050013655173E-16,2.1594231054823779E-16,2.3919794687319533E-16
44494,1.6310979326895483E-15,-7.635090173198695E-16,3.687866914118065E-16,1.53039593153536E-16
243,7.601831722671492E-17,6.727693627211748E-17,2.326901067285634E-17,-9.913312592787288E-19
507,3.2450177205334514E-15,2.4256935573107495E-16,-5.460417825762897E-16,-1.1809549165985145E-15
6501,4.335186869176895E-15,-7.918775593475645E-16,1.3602067215509645E-15,5.798835789721043E-16
7678,4.1877383596319473E-16,2.997507558881535E-16,7.194440560593157E-17,-4.1261695706827525E-17
8147,1.710829547680216E-15,-5.227680927486751E-16,7.602914277296054E-16,-1.3681458625525896E-17
13872,9.35608916087641E-16,3.461345229508661E-16,4.616622564505052E-16,-1.3175434317359374E-16
17728,4.3910132603884246E-15,-9.835374264530128E-16,7.274842263072068E-16,9.365870958734359E-16
18855,1.7250875225784106E-15,-7.418705532267943E-16,-6.547182332841204E-17,4.173506059531949E-16
22467,3.617051379066277E-15,7.005289375215515E-17,4.047123191466939E-16,-1.375370609401765E-15
23523,4.419117899489675E-15,-3.1570787538337333E-16,6.546357891359154E-16,1.3398208704099144E-15
27793,3.902854381685186E-16,5.1313194024821754E-17,-1.5673469925062627E-16,-2.4125672079272253E-16
27916,1.0944482778028121E-15,-2.0444741635405297E-16,4.0279405507714497E-16,-4.649588508017189E-16
30060,3.991507834894275E-15,3.9081167594397815E-16,-8.590377074007663E-16,-1.1668696673203145E-15
34837,5.483205397126245E-16,-1.9256714273095075E-16,-1.944870827089766E-16,2.5990388951459494E-16
36232,2.453027328532662E-15,4.3078061522161727E-16,-2.85570885349275E-16,-1.0326648000698363E-15
54288,1.5707010627565293E-16,9.468995997074054E-17,-5.738050312255043E-17,-7.72374650661509E-17
60386,4.1244644298344604E-16,-2.608877636500045E-16,-9.643450154690985E-18,-1.5489836697224982E-16
1451,3.4693354404090947E-15,-5.359339521233785E-16,-1.1304969400088389E-15,-6.223846639622194E-16
3038,4.694137252080596E-15,-1.3518019253042976E-15,4.2183998279584924E-16,5.931496933658938E-16
11628,3.1080865265155503E-15,9.312186854509204E-16,-8.19874350858986E-16,-4.379205799629593E-16
19620,1.3292321901249594E-15,4.79393274775323E-16,-3.654320236541651E-16,4.779975561886058E-16
20334,4.2230525995920944E-15,9.440681419293857E-16,-9.412220572862538E-16,4.3034343848492176E-16
21090,4.254014693705873E-15,1.0531307969117812E-15,-1.0167378991984509E-15,1.656855299253404E-16
22328,1.358286336826603E-15,5.753429347680005E-16,-4.993114067053378E-16,2.2820960999617865E-16
22709,6.1770516923578415E-15,-6.017656125022362E-16,-1.0396805950845486E-15,5.667804837538749E-16
32949,8.0351646154674E-15,-6.910237842731368E-16,1.1786305460482565E-16,-5.334385212480454E-17
41447,8.001581104706784E-17,-3.595408513468573E-17,-5.902321313005365E-17,2.810550368747657E-17
42095,7.826076715680175E-16,-7.725302713842477E-17,-3.7039562208863084E-16,-3.7638520214448836E-16
50491,3.8871342721094375E-15,-6.185015313473745E-16,1.0760910634237574E-15,5.540320458147774E-16
52789,9.558097248159796E-16,2.2817560772725514E-16,3.1931313440222816E-16,4.541467896408513E-16
58986,2.386725956747468E-15,6.949173699559317E-16,8.925478336418439E-16,1.0557612390044781E-16
60644,5.4302292026846586E-15,-1.4711088157124822E-15,-1.3510852074616012E-16,-3.8455328392352426E-16
62804,1.640801075370704E-15,3.7327767470622194E-16,-5.312423349475243E-16,-5.759763353481565E-16
50253,3.531816682262462E-15,-9.59112469366432E-16,1.01452241749518E-15,1.0442566351220701E-17
56145,9.842899696429162E-17,-1.1441470043058806E-17,6.777249232952086E-17,-5.624760984335354E-17
57625,1.2353383509159055E-15,7.224679974391301E-16,1.5200163960040799E-16,-1.7417269104169032E-17
1622,1.2061847635185801E-15,-4.51750134052711E-16,2.395610699675048E-16,-5.122054424323008E-16
2285,3.3057793336386675E-16,-2.170562909450182E-16,-3.018521599286481E-17,1.5877389163212908E-17
4556,5.6191664340891765E-15,-3.1415328110212505E-16,1.09040947825504E-15,-1.0350275191353042E-15
8571,7.106508426577033E-16,-1.5179223826119147E-16,3.400278869267788E-16,-2.77405990849084E-16
10923,2.4247205186623743E-15,6.302025731778576E-16,1.9307257240731225E-16,9.176304295453124E-16
12703,6.286103303181794E-16,9.013293639809503E-17,3.202344172450535E-16,2.519573855129516E-16
17488,1.4274352929655171E-15,-4.50676515420589E-16,3.644872877030667E-16,5.74297899020275E-16
20716,2.3572375418479908E-15,-8.509600488626901E-16,-3.0429912560491185E-16,6.887015378206492E-16
26878,1.9173369369879262E-15,8.369058543135002E-16,6.054422453299702E-16,-8.475408230861E-18
28202,2.1663437214547957E-15,-1.0314845651736008E-15,-5.0155076057875524E-17,3.4703221386001477E-16
35641,1.8040240506970534E-15,-5.876665299519711E-16,7.591555631778217E-16,-9.743073980573586E-17
38155,1.496199878334847E-15,-4.3737231677991605E-17,4.008484740463406E-17,8.511344644023857E-16
39920,3.0452529399728736E-15,-1.1957873443028749E-15,5.181264642089187E-16,-1.1902703925363814E-16
43783,9.232523085849024E-16,1.4508626662304787E-16,-5.3882455095016365E-16,1.4222372417459856E-16
50023,4.0716069918064594E-16,6.13398637929212E-17,-2.5157542981740564E-16,-1.474110172308313E-16
52122,1.5466482320366747E-15,-9.406836779295749E-17,-7.004670479958E-16,5.468219942735335E-16
52124,8.659353235281805E-16,-2.5021547384600233E-16,-3.421818216988408E-16,-3.690874332110892E-16
56175,3.3304240730804465E-16,1.8891453227458836E-16,-1.6379037445586426E-16,6.603219316150831E-17
57528,4.727938656124693E-15,4.733536029015771E-16,1.1076318014563545E-15,-9.718324860902819E-16
58138,5.57810964664921E-16,1.8410100178127332E-17,-3.7801837228500545E-16,5.127163347896476E-17
59088,3.623217120615651E-15,-3.374927449371586E-16,-1.2391607103988221E-15,4.953447771409517E-16
63855,7.205822932883592E-16,-3.288978669854995E-16,1.1474618435461893E-16,-3.319179021788885E-16
1927,1.5015672429423583E-15,3.914455834767164E-16,1.8577870834647186E-16,-7.389581510889629E-16
9088,4.167949190918243E-16,-2.473816758596808E-16,5.0070078616949E-17,-1.6563028325230735E-16
10926,5.43902361106063E-16,2.2094097422187327E-16,-1.4497901189623613E-16,2.7808392020999044E-16
14713,4.7293982496779E-16,-3.2536483481498144E-16,-8.134356259996339E-17,6.937166187603378E-17
24476,1.092159776057297E-15,-5.268774937005997E-16,-2.2581420910157247E-16,3.1888728247996963E-16
25221,1.4411469823690916E-15,-3.5922225801123406E-16,5.948514091741399E-16,4.2642247837225833E-16
26490,3.1347600727835845E-15,-1.921557792193808E-16,7.366996904156526E-16,1.1483608119210872E-15
28695,5.1161093140220755E-15,1.3279526397851462E-15,-1.0504802243311993E-16,-7.760381109364147E-16
35902,9.845977862837379E-17,2.2482255944985653E-17,2.3611897053772814E-17,8.3439220480417E-17
38475,2.180269281529192E-15,-7.184284355429186E-16,-8.596792652458079E-16,7.47766607328033E-17
40737,1.0268773367235594E-15,3.109079011250007E-16,2.1424515427376545E-16,5.191519006946911E-16
40835,1.785592467439849E-15,5.855898268165946E-16,2.0356243744390822E-16,-7.180736400521655E-16
43244,2.3871623198170226E-16,-1.3980415288096888E-16,1.2655026745864873E-16,-3.0002400567087595E-17
45443,2.1419473970024647E-15,8.625477237184039E-16,6.471241045601474E-16,-2.760009963448347E-16
48871,2.249394530137276E-15,-7.054323091635585E-16,-4.056120099662537E-16,-6.959055025984809E-16
57799,1.3236689940641968E-15,5.77848311789652E-17,2.211624264118115E-16,7.314044871982018E-16
61715,3.271918855519926E-16,-8.202119382054066E-17,1.659231886414036E-16,-1.7151950226994192E-16
3430,7.444009112984399E-16,-8.081159340838411E-17,-4.481062340589195E-16,2.0521928854963262E-16
17454,1.6244945586974662E-16,2.962386810339719E-17,8.829491177121305E-17,1.0492181478637904E-16
19046,2.4939859171123487E-15,1.0405744568629716E-15,5.356123739221863E-16,-4.477645760170779E-17
20324,1.7256362776131836E-15,3.1544749827550735E-16,8.868188204967466E-16,1.374882133322099E-16
20388,4.360232594806598E-15,8.612237936405938E-16,1.0418770907794672E-15,-4.176341319801353E-16
21809,1.2587497447708876E-15,-5.234329631707523E-16,2.7227511911185917E-16,3.979727450651726E-16
30904,3.824247065815001E-15,-6.680341633396082E-17,2.4673795433561037E-16,-1.478701655462614E-15
33472,5.75513794395655E-15,-4.4373031021238163E-16,-5.881118927441966E-17,-1.1197628153541833E-15
39916,9.091764602240075E-16,-2.932466607624209E-16,4.797954020567507E-16,-1.4705851326070425E-16
41136,1.2069267714872066E-15,-3.355047238289562E-16,6.127298162243223E-16,-2.320604194956647E-16
44545,9.062923875944156E-16,-3.572586322531122E-17,5.694594245039349E-16,1.358434442141103E-16
45929,7.0490727393263896E-15,2.950951075495335E-17,2.0037668338212344E-16,1.0813187281459337E-15
49053,3.5055021378576805E-15,1.4862074037845178E-16,1.3062556672957825E-15,4.528829953361319E-16
50072,6.87971258892997E-17,-5.2503005304610027E-17,-3.7627940976451685E-17,2.7379647020473838E-18
53591,3.1633207181526015E-15,-6.445098682322462E-17,-1.311567191766396E-15,-1.5176358842342699E-16
58360,1.44379336827245E-15,3.235020445568209E-16,6.70724959076086E-16,-3.524473419822322E-16
4740,6.105650408237428E-16,-2.5279968544547784E-17,-2.4177758916150845E-16,-3.5179203841498125E-16
13511,1.5752951445490483E-15,-1.7416207153798312E-16,-5.980124035425508E-16,-6.017103249174601E-16
19091,2.4253069706495005E-15,-6.560090065613847E-16,9.167992979691795E-16,-1.8643567679385064E-16
20046,1.2381183392367128E-15,2.115812234889003E-16,4.2436553276342925E-16,-5.71777456882627E-16
29346,9.860337300499261E-16,5.505437169874288E-16,-2.3318413713540843E-16,-9.617970838585409E-17
29558,2.627671881612319E-15,4.923092287389687E-16,9.942510604374351E-16,2.96917791958325E-16
29835,2.457651905468188E-15,3.589956287289676E-16,3.810920642043376E-16,-1.0430945033297986E-15
31116,9.539697728355385E-16,-5.520463830867809E-16,-2.250525255676915E-16,3.0426303819120124E-17
33024,1.1626637539670416E-15,-3.7376928302828475E-16,-4.058248269942441E-16,-4.49160748496417E-16
38404,3.3009877246433E-15,5.542152317901376E-16,1.2452811105627195E-15,-2.5926457646341337E-17
39092,2.4864251589851487E-15,-6.169713859153314E-16,-5.908507753812528E-16,9.287418294292866E-16
44866,2.876435123893202E-15,-5.890405700483195E-16,-4.0311032583198226E-16,-1.0250963897248367E-15
46801,9.091768935490066E-16,-1.5694928905637994E-16,4.3876736358020736E-16,3.3707282944681953E-16
56139,2.4605100966596887E-16,-1.625386408926535E-16,-6.895063239505225E-17,-9.483105073044487E-17
58921,9.173542264390975E-16,-3.0871633614577287E-16,8.127935890107293E-17,4.806095112952776E-16
63015,2.777970374459142E-15,5.708524861553793E-16,-5.584906816955346E-16,-9.020991639002208E-16
1353,4.601466287731725E-15,-7.059801213223418E-16,9.777964766371513E-16,-9.281031295790877E-16
14652,5.356945202260005E-15,-5.011254815623453E-16,-1.201014615644514E-15,-1.0779697090843663E-15
16795,3.1536285494478505E-16,2.6177251622385426E-17,2.4028510243587915E-17,-2.390482026676267E-16
18494,3.980259722197604E-16,2.651902469365706E-16,9.434940497520045E-17,-7.848509287120574E-17
27553,6.78633845352481E-15,5.348445162438143E-16,5.883205288365594E-16,-1.169353868183217E-15
33816,9.305070032732602E-16,-2.7373492396000287E-17,-3.324458090890814E-16,4.643308295385067E-16
43206,4.1800265142970237E-16,-3.076110952332288E-16,-4.9691472737744015E-17,-9.846384997029555E-18
44249,3.2967805246016674E-16,6.986156673048202E-17,6.87327833016814E-17,2.3528167158264597E-16
52193,4.831528290425335E-16,2.516946945686774E-16,2.243636079893784E-16,8.807643242622452E-17
52604,7.284091562890286E-16,-3.647089695432855E-16,-4.95480410563414E-18,3.1667109961292195E-16
54449,2.3276071296764602E-15,3.3115340473679365E-16,-4.920651365974785E-16,-9.44817054384517E-16
55903,3.2323758150233872E-15,-7.945900748688506E-17,-2.0521989713079922E-17,-1.404812438479867E-15
2078,8.690098973396055E-16,-2.2536692298564527E-16,3.306200338094561E-16,-3.9620739211499556E-16
7254,2.6369627272768913E-15,-4.853330051383178E-16,1.0453338432854308E-15,2.9967503798331903E-16
10124,2.978621640692984E-15,1.225151532057487E-15,3.4093715184182544E-16,-1.6184613831702508E-16
11826,6.954995776661558E-15,-1.1547211670407775E-16,-3.690790084581508E-16,-1.1874675864276562E-15
21583,1.9332088888771235E-15,-4.75155999122599E-16,-6.094192518026319E-16,-6.74234434070089E-16
23933,2.6510939255618523E-16,-2.1139456819403123E-16,-1.1285344877661458E-17,-2.2734047076329494E-17
30175,2.4350745483242152E-15,5.499924334889166E-16,-8.932781387965317E-16,5.266490114943612E-16
31020,3.753057815875352E-16,2.531312392107393E-16,-8.88889605764065E-17,-8.853242879007267E-17
31461,1.357840462384675E-15,-2.152488531461323E-16,-7.467759872206092E-16,-7.885383961193615E-17
34494,6.443036026161957E-16,2.728110895956104E-16,2.9583995500087164E-16,-1.6107333314515132E-16
35803,1.7862212082892966E-15,-5.729332097538013E-16,-4.3225401476392025E-16,-6.306499355499967E-16
36754,1.0914312589560031E-16,-1.3466504805987221E-17,-4.052734978902049E-17,8.914722171069107E-17
37347,5.653539115618371E-16,1.71515527035035E-16,1.3805195379684275E-16,3.1050961592238973E-16
40088,5.969252627345327E-15,4.52233677520903E-16,1.2761091201681034E-15,-4.815758869357643E-16
41565,1.6505449567925565E-15,5.036081017770316E-16,-4.1554988399215075E-16,6.110554995915654E-16
1173,3.75925372037611E-15,9.882322549703634E-16,-4.647645376992011E-16,9.380746997800025E-16
5926,1.8781826286640254E-15,7.073957941305182E-16,1.9643083854956332E-17,6.323021295948752E-16
17349,2.3144357584962834E-15,6.516850560969139E-16,-2.7745804359213703E-16,-9.075683250867962E-16
17940,4.3401929208560987E-16,2.6094676466712936E-16,-8.764875045757748E-17,1.610392853700719E-16
25251,7.085450442318817E-17,5.635079768751566E-17,-3.045839044055844E-19,3.593709688562666E-17
27817,9.018563926885347E-16,1.1323878104431104E-16,2.3595290897898768E-17,-5.263417640399604E-16
31840,3.541251319441395E-15,1.0690927116606809E-15,-7.331641538234688E-17,-8.360807775229878E-16
31869,2.3276961021745462E-15,-6.461972754847805E-16,-9.024007815008135E-16,2.6910079596585056E-16
37681,1.2057529299276571E-15,7.093802561934089E-16,5.021773591550918E-17,1.3992645677256514E-16
38616,4.98992114515931E-15,1.0113743973569954E-15,9.036938860315607E-16,-7.41178724196434E-16
39665,4.23463691405427E-15,5.727331596713759E-16,8.948012300352103E-16,8.723810378268926E-16
42528,3.089970079502863E-15,7.948703073601903E-16,8.184195610504202E-16,6.228496151522583E-16
44957,8.621498307289676E-16,3.912289497572621E-16,-1.3173455574440205E-16,-3.546943993402407E-16
45291,4.983000780049876E-16,2.9747474829300323E-16,1.852173255599754E-16,6.11992765824462E-17
48938,2.268940773260685E-16,-5.925378248454259E-17,1.0263457447003698E-16,-1.3768155081162207E-16
50344,5.930124137088113E-16,-3.2673486136098903E-16,-2.5427266899505284E-16,3.9643571757097594E-17
60391,1.673856842801066E-15,-4.330842800078974E-16,4.767487197464291E-16,-6.17723524395028E-16
48046,3.9698906421863345E-15,6.404445442781185E-16,1.223912751134848E-15,-7.448168359234794E-16
48221,8.008497707556081E-16,1.2370128136900638E-16,3.4623733023367004E-16,-3.701912396548177E-16
50064,5.253412571932398E-16,1.794531341694178E-16,1.397752195741279E-16,-2.9441586783762444E-16
50214,1.3285751290929424E-15,5.47881923491723E-16,-5.034823816958281E-16,-1.2765494456223507E-17
55935,1.011326174287111E-15,3.907576563428795E-16,2.720128224925056E-16,3.927737368314949E-16
58511,2.8927420614030492E-15,-5.220822617052366E-16,-1.1289472212757743E-15,-3.710041873098551E-16
6191,1.5444145483892408E-16,-2.0020639635651145E-17,1.2599455252219465E-16,4.1429804362811545E-17
13023,9.386030281028808E-16,-2.876618210787482E-16,-4.942759743038647E-16,1.450510415818523E-16
14932,8.636112868921001E-16,-3.411552022064257E-16,3.667591346071072E-16,2.2136377120324231E-16
20209,1.7604629382923162E-15,7.217531394329427E-16,-5.33558766027516E-16,3.6859252875121004E-16
23759,8.426089821065268E-17,4.9856727341882676E-17,4.506919390356101E-17,4.0016018628009924E-17
24415,3.456141518694659E-15,4.42557923612321E-16,7.219065015958791E-17,6.357748155584326E-16
24493,2.263850204362175E-16,9.880111372349199E-17,1.5438464745615297E-16,3.0773278865188625E-17
29946,1.815370313863133E-15,2.7000073159659005E-16,-1.7858768030764967E-16,-9.077575129740459E-16
33493,1.3389245066909492E-15,7.263098399958452E-16,2.524079695468606E-16,9.05846751414029E-17
34822,4.4223928451242553E-16,-8.628435945988095E-17,1.5574560391108115E-16,-2.6304901407210624E-16
51574,1.5937402963660246E-15,-8.272239401187996E-16,-3.856897089683294E-17,-3.649088185769432E-16
51858,1.652314734173117E-15,2.659702147479067E-16,7.834913197203478E-16,3.9968336474955555E-16
57713,2.7716027409428874E-15,-4.826052673529161E-16,2.3943981108879695E-16,-1.1867133651568071E-15
434,5.4139053642745565E-16,-3.197514043505395E-16,2.0397936116644652E-16,1.6591417193523156E-17
14197,5.6941914600377826E-15,1.4801241479290061E-15,-5.3168618005694623E-17,-2.4987793405121466E-16
16349,2.341224218775416E-15,-7.221488874387032E-16,-7.940106820729146E-16,-1.627021575618262E-16
19574,4.831513531571885E-15,-1.684367832621154E-16,-1.4721900793537903E-15,-3.1929968035410264E-17
25020,1.6468314136662795E-15,8.399049378177205E-16,-8.604206871405306E-17,1.1797021912986883E-16
26259,2.3028757188987084E-15,1.0355922220755937E-15,-2.728925000623708E-16,2.575401145163019E-16
27998,6.923753197041798E-16,3.191862570985181E-16,-3.251624905071529E-16,1.2644385459398713E-16
34637,2.42827045961572E-16,-7.528258928735461E-17,5.477466444487782E-18,1.8341043339596517E-16
41173,1.322597925735353E-16,-9.316565693243985E-17,-1.2630627319639678E-17,-6.826658606030735E-17
45625,1.2932238290352293E-15,4.486509212886543E-18,-6.561786243277835E-16,-3.732156764875807E-16
46514,8.225581126594399E-16,-4.026996185034507E-16,-3.6065274394796286E-17,-3.23080972346163E-16
47838,2.8341377770958685E-15,3.9118822503824504E-16,4.553974095262481E-16,1.012323609957066E-15
55886,8.44192709799534E-16,4.193276440379148E-16,1.2362239994319473E-16,-3.417361465989807E-16
7334,6.919454764057672E-15,1.0566242777812459E-15,1.5862145763204293E-15,-1.5118497068995376E-16
12074,2.4587501136433596E-15,3.131677396007121E-16,-1.8223950843778347E-16,-1.073824071466549E-15
16737,2.1977941584073334E-15,1.1035654777741618E-15,9.991465484559017E-18,2.164405134453589E-16
22224,3.8164547607843057E-16,-2.7038227589707653E-17,9.480044856320768E-17,2.728837746363909E-16
25115,7.259031014011918E-15,3.1241750024239956E-16,-1.3503289499190889E-15,-3.28251907320473E-16
27643,6.639642606900518E-16,-8.418422377305771E-17,3.348004576792952E-16,-2.8316382189411553E-16
27950,5.8408502574103316E-15,1.0521167891257167E-15,9.801685157667424E-16,-5.14692361927377E-16
32456,9.657548642417205E-16,-5.076431259436635E-16,-3.135427359876604E-16,8.201846586037216E-17
35749,4.287104767071485E-15,7.52100986157551E-16,3.293843121020869E-16,1.1965799324891575E-15
37772,4.0336461168955968E-16,2.1862723851185363E-17,-1.3746261086039696E-17,-2.9815181891713506E-16
40863,1.6297440491033136E-15,1.3205942212761954E-16,3.3254149310832733E-16,8.279774974226458E-16
52734,1.0831822002029538E-15,5.976156349063805E-16,-1.522080650344877E-16,-1.1045185113439051E-16
56123,2.53436208591381E-16,6.201236057073777E-17,1.9783728854249198E-16,-1.53049598419567E-17
63487,2.925378919422664E-15,4.6667494123481605E-16,1.0523880419207936E-15,3.0907604674436923E-16
1302,2.7659170014922463E-15,2.9102301252197224E-16,-1.215829002487413E-15,-3.7395023554293367E-16
2395,4.587000027702792E-16,-2.9827039474946797E-16,-1.4465217134903936E-16,-6.373599219591146E-17
4815,2.2031500770707974E-16,8.444712453844749E-17,-9.44854725855783E-17,1.315163629222282E-16
12942,1.7797233949496973E-15,5.552741928058594E-16,6.371810173713525E-16,-3.6299885992689517E-16
20559,5.080301900311132E-16,1.6454657862379727E-16,-4.377519113462069E-17,3.2461515625884685E-16
21022,5.39762857545067E-16,3.3043653653516876E-16,1.774427928700245E-16,-1.7183599856517426E-17
24326,3.331920958587776E-16,1.572383487465025E-17,-2.338379194600402E-16,1.1102593014812285E-16
25476,2.989359986778209E-16,-7.52807812414973E-18,-3.021819093559797E-17,-2.2914495097491755E-16
30515,4.2979994669569425E-16,-1.1320194542121373E-16,-2.776429438342109E-16,-8.33382733097766E-17
32203,1.1436767005465432E-15,-3.3190802951176793E-16,4.903576288370332E-16,-3.545801872397641E-16
38502,3.784955279385552E-15,1.218974928724173E-15,5.744373442452239E-16,5.847486776790962E-16
39594,5.083836904871867E-16,-3.5069025262276593E-16,-2.244029348378519E-17,-7.554281422149632E-17
43546,2.6962571177118682E-15,2.648123451821456E-16,7.311572025319923E-16,-9.822952691848817E-16
47046,5.216747592481577E-16,-1.8977500500808939E-16,-5.426413028428157E-17,3.0266570227586724E-16
55152,1.018416960344052E-15,3.5083416350113663E-16,3.288821454019623E-16,4.483736639569552E-16
55427,5.960264140574452E-16,-3.3205842172310247E-16,3.775749171382499E-17,2.3255121866513965E-16
57543,4.839397857803078E-15,-1.6871971308598517E-16,1.2323837044453452E-15,9.187441615753896E-16
59771,7.560170156708326E-16,-1.3075590040152182E-16,-4.533982383281693E-16,-1.6558389454425362E-16
61649,5.300148851281171E-15,8.169800565356937E-16,6.791324082800322E-16,-1.1152423052975577E-15
62945,3.4177502641048392E-15,-4.2361597479129906E-16,-1.1378820997490019E-15,-6.947461168459131E-16
684,2.6143079278892548E-15,9.0471679974152E-16,-7.723468918644555E-16,3.5329036727568775E-16
892,5.312881997657361E-15,2.1305972626885676E-16,1.4492379810650254E-15,-6.660834506995679E-16
2899,2.9592300121059653E-16,-1.2479714679740185E-16,-1.2712290888495588E-16,-1.447457189416386E-16
4862,1.5241545630923354E-16,-3.451478736135876E-18,8.272905057096877E-17,1.0214834302161398E-16
6707,3.210291644633814E-16,2.0221570017183027E-16,7.391925298805674E-17,1.181291891942373E-16
7733,4.604297569275781E-16,-2.249923214929253E-17,-3.078776520783329E-16,2.6071309050423805E-17
8509,4.231486885894356E-15,-1.0382679583217094E-15,1.0132557515292057E-15,5.778705934909308E-16
11279,3.744083569355952E-15,-3.0036271139411133E-17,-1.359747208788241E-15,-6.394709554914472E-16
18931,1.9265510496410706E-15,4.588577411493236E-16,2.2819865215521304E-16,-8.834937439486857E-16
25497,4.6823992559321605E-15,-1.2121492225416745E-15,6.035564337685832E-16,-4.699355835196906E-16
26599,1.5588772846462143E-16,2.204574070262599E-17,-1.2571184450910733E-16,4.137586732586805E-17
30618,5.237698687421134E-15,8.058141225044542E-16,-1.56740264385758E-15,-4.850774406681292E-16
31747,2.3380491631014354E-15,5.206440339886912E-16,1.0823431001506149E-16,-9.885570472838827E-16
32325,1.919128052349676E-15,-5.732333664595785E-16,-1.3255208561178288E-16,-7.650738381658289E-16
40673,4.008067065719643E-15,8.05917036054494E-16,-1.095933249281942E-15,-5.187848440089251E-16
44705,2.358881463905445E-15,-2.7417596240006403E-16,-9.07690887834081E-16,-6.251542742334436E-16
45176,3.253033515324927E-16,3.078266090429137E-17,-8.495740571470482E-17,-2.3121496566877873E-16
46708,2.2558869475775697E-15,-1.3260637282696528E-16,3.276410421457014E-16,-1.0361499652248114E-15
50209,2.1325074513495403E-15,-7.954273170386592E-16,-6.786064800169216E-16,3.1925199881810655E-16
54120,9.216330720735582E-16,2.369413261592812E-16,-1.2716767741313735E-16,5.213318012537546E-16
57645,5.188634287922222E-15,8.410622963028625E-16,-9.35243653539863E-16,-3.1258944481402586E-16
58268,1.1722533929635884E-15,5.641416279659428E-16,1.7118822805203604E-16,3.0770467802581903E-16
63155,2.3600161844248395E-15,3.7414686176459167E-16,-6.906506785944324E-16,8.064573423311546E-16
2148,1.0681217039970425E-16,2.307905540379115E-17,7.636835819109234E-17,5.413357787044368E-17
9381,2.7058190695136156E-15,7.2142313248042375E-16,-1.0034442805732747E-15,-1.656250666135172E-16
20966,2.9675970549333954E-15,1.0601580871832073E-15,-7.300248532637E-16,2.0206669114231474E-16
21038,2.525529202776371E-16,-1.219756970146768E-16,-1.3126616969188593E-16,1.0525357085803539E-16
21729,3.4975926603254356E-16,-1.2791809630097263E-16,-2.139593274277507E-16,9.745979555887859E-17
22581,2.2239702863140416E-15,7.39318192915287E-16,-4.95320792784279E-16,5.837450752113904E-16
23273,6.097197700555453E-16,-3.251236498743746E-16,2.439034462444115E-16,-3.369052771143663E-17
25118,6.717597948569555E-16,3.8686419020377936E-16,1.5899139489335682E-16,-1.5792036976993973E-16
32488,1.7223858716273202E-15,6.798638892483869E-16,5.767794012074503E-16,-2.9197904072446243E-16
35119,7.94524042732482E-16,4.085679665870638E-16,2.43531640412561E-16,-2.1503296395041327E-16
35365,3.4375729445561E-15,2.180265590732595E-16,9.970812389381206E-16,1.0470803621205184E-15
39829,5.575725456460685E-16,3.745464427890886E-16,-1.5801436851751623E-18,1.0518102296647961E-16
40017,1.013081527710241E-15,3.3338290830311195E-16,3.6457376423228194E-16,3.8732936272754026E-16
41993,1.4189678008511648E-15,-5.938306583805845E-16,-3.686512603226121E-16,-4.045767149052922E-16
46002,1.3888135813205657E-15,-9.23667153565244E-17,2.941025390798559E-16,7.216157268321631E-16
47104,2.961637352526872E-15,1.0765675068877099E-16,6.803290782923997E-16,-1.1578582709118094E-15
50454,4.900398811882274E-16,-8.812440991816067E-17,-3.345261146226746E-16,-6.665620667118139E-17
53428,3.449369320773904E-16,-1.6318347455843832E-16,1.488906307340278E-16,1.4618174199687272E-16
59913,1.4379054001815052E-15,3.8249406449945315E-16,-3.550310497649876E-16,6.045386182778767E-16
3360,1.6880658046753644E-15,4.1463805723992737E-16,-3.530237815262724E-16,-7.506730519771617E-16
12512,1.0935145416472568E-15,3.3571147614131816E-16,2.9821696275695793E-16,-5.079902917683943E-16
13935,1.6181679049543528E-15,5.536707438584814E-16,-5.401488293949533E-16,-4.93480484638317E-16
14598,4.504490877926597E-15,-3.9091522657362188E-16,1.4451862833897146E-15,-1.5873351345974272E-16
26867,1.9018945969715316E-15,6.351139308224847E-16,2.343569903047459E-16,1.8733951585989055E-16
29251,3.1766595511632033E-16,-1.1021554963840996E-16,-1.3461875409067114E-16,1.7830029427124096E-16
36009,6.392632905263538E-15,1.4504704166402454E-15,2.1454570053679516E-16,9.143387046403506E-17
36314,1.1510693508362652E-15,1.5070580142542662E-16,4.87984443108672E-16,2.8092182993477634E-16
37444,1.852480940353159E-15,4.7983005120586554E-17,9.572426395410978E-16,-1.9361019868423936E-16
41375,2.4917499609191696E-15,-7.363775563152916E-17,-1.3541439366440901E-17,1.1817960467490432E-15
44421,2.23357424205939E-15,9.581663965074954E-16,-6.07903032581932E-16,-5.835426603431953E-17
49328,1.6660023222167488E-16,1.2920839704459E-16,1.8185924541401173E-17,6.232827183311587E-17
53628,4.0486746854542127E-16,-1.1192396547905694E-16,2.41510307771706E-16,-1.396955173335687E-16
53865,1.0731666771970295E-15,3.124827453759588E-17,-2.859325508708198E-16,-6.031367703459241E-16
54668,2.352266555116412E-15,9.88795329971149E-16,-3.1883706196438865E-16,-4.631638919901736E-16
55015,1.4461297417891947E-15,-7.935567229932518E-16,-1.1645222973816071E-16,-2.419021640005104E-17
56488,5.985803390594421E-16,4.193965746993642E-16,5.691462927537017E-17,-2.8750787414594743E-17
57751,1.307606342444201E-15,4.860030930585953E-16,-3.18087933334198E-16,3.3221272474777014E-16
58626,1.9597565122348575E-15,-4.7131630135998835E-18,9.194530003055738E-16,-4.2059698198830756E-16
60143,1.7296899627032351E-15,1.2518997251035493E-16,-3.259819866029098E-16,8.42864622170627E-16
60643,8.583479749057049E-15,-5.371243134927131E-16,-7.790693935584244E-16,4.0611588046541406E-16
62330,1.1453345331599778E-15,5.111489291751598E-16,-3.095023202201394E-16,3.3590110550898547E-16
867,9.490869948832687E-16,-4.7288288629788485E-18,-1.8258069859990831E-16,5.790515768731549E-16
6551,1.3474216665380735E-16,2.7394495389272995E-17,-1.1253038466976225E-16,2.5463336595663175E-17
10454,1.0063824904843089E-16,-8.773379140520065E-17,2.4731839375804606E-17,-1.0858430375253931E-17
13505,1.7678914380058974E-15,-3.358787241849839E-16,-8.222545405832608E-16,3.616641412408498E-16
14672,1.5796069626423793E-15,-1.8020192112081313E-16,2.9911952514464934E-16,-7.66399566810788E-16
20813,3.219998690122784E-16,1.1966419868074643E-16,6.072822277135572E-17,-2.0437659045526346E-16
21355,4.4884508897771275E-15,6.346787928886312E-16,7.968866902852289E-17,1.0725824398787457E-15
21601,1.4393728171863375E-15,-5.695776911478451E-16,-5.464986492430009E-16,2.7208396149547853E-16
21789,2.2621057696813278E-15,-9.683242504694878E-16,-3.4617972531385145E-16,-4.736565726393993E-16
23640,6.434274339037919E-16,-1.4731505060730375E-16,-3.874610841342575E-16,1.3886161415597398E-16
25072,6.028819799181118E-16,-3.150901643611944E-16,-1.5291481691990327E-16,1.9036779539206459E-16
30333,1.5661777981362951E-15,-3.669436148427311E-16,6.820550511311594E-16,3.3053161925913455E-16
35412,2.3986826656697485E-15,-1.0054781775189085E-15,5.398890021170356E-17,-4.89546962333929E-16
39953,6.899820638342258E-16,6.556121458231545E-17,-4.328192319260964E-16,1.2571694640110446E-16
40931,3.5145713555377676E-15,-8.292794746343428E-16,-5.555348943462373E-16,-9.954745856131178E-16
42767,1.2774363665487094E-16,-4.2801765068477456E-17,-4.757595937810717E-17,-9.342621744946307E-17
43832,1.9666818265559803E-15,6.103488706689361E-16,6.506991671451736E-16,4.64807390145406E-16
45018,5.129612453831111E-15,9.31159157908159E-16,4.938437767937433E-16,9.465622910846014E-16
47537,2.212131677049913E-15,1.015860749507673E-15,-2.9050853355346534E-16,-2.7081452186362406E-16
49533,1.2882443474416904E-16,-1.0377772640035553E-16,-1.4181634831711608E-17,4.3470924531676035E-17
57028,1.4479709104497966E-15,1.9487133539947222E-16,-1.8214340426993651E-16,-7.202202308342915E-16
3994,4.51916346388459E-16,2.982859408191084E-16,1.269382988749759E-17,1.1489606704731113E-16
11160,5.502150357630818E-16,-5.4802559915277725E-17,3.7126340852706995E-16,7.54412412991483E-17
14476,4.140124239925914E-15,-3.5191641800175213E-16,1.3347249461249234E-15,1.7436942915073078E-16
22307,1.354908143714744E-15,-9.939035806634252E-17,6.343653712824179E-16,4.488175074910698E-16
29576,1.2742230631943994E-15,3.2848582420489166E-16,3.6842649155256276E-16,5.628441324426308E-16
32824,2.3852084056476093E-15,-9.415196268693481E-16,-9.492553402121586E-17,5.876183345782374E-16
44629,1.8942085527368337E-15,2.299101041671651E-16,2.475922360623394E-16,-9.268548370696848E-16
49739,3.1436372927278075E-16,-1.171824201700057E-16,-1.4207910979727024E-16,1.6461412284640623E-16
60740,4.2095545856006844E-16,8.145320076628271E-17,7.402462400542638E-17,-2.925151993828669E-16
61915,1.6297646589251197E-15,5.492148727935711E-16,6.218600819719924E-16,-3.5898171763293426E-16
10912,4.285077299112687E-15,1.4041437876420152E-15,-3.8577503063681895E-16,-4.4355035026147817E-16
12177,5.301538544959503E-15,4.0409332597416415E-16,-9.749686494605108E-16,-1.2114181063172835E-15
20614,1.5383567861123876E-15,1.613029126538608E-16,-8.361125975956489E-16,-1.0624228265625024E-16
27125,1.3152677930433605E-15,5.099052821996484E-16,4.704251227490924E-16,2.927007926467151E-16
36350,9.407289865659778E-16,3.3578454939851247E-16,4.568196500562797E-16,1.6605549619962396E-16
38684,4.1517284092577736E-16,2.6818103935240743E-16,1.4205883686894288E-16,4.5507325277820596E-17
41217,2.1022768279121397E-15,-1.144811384509903E-16,-1.047525777520871E-15,-2.1167004391627212E-16
42150,8.0549980988007195E-16,3.4170073222222706E-16,-2.4251657541433797E-16,-2.97175048146325E-16
45431,2.5538947001405636E-16,-5.3445869141319256E-17,-1.557859625689431E-16,-1.0656894841638684E-16
47469,2.1462959666267567E-15,-5.239086091662982E-16,-9.657117177586807E-16,8.29083104135333E-17
52942,4.494746007527213E-16,1.7193345777755778E-16,2.4486021670210645E-16,1.4071875270904915E-16
58255,4.186959132398206E-16,-3.03207215297972E-16,-3.483849240146514E-17,-5.183573640187297E-17
60401,2.7204503242800107E-16,7.417938837739E-17,-1.8191484036250626E-16,9.003172090941993E-17
63276,6.105599130743849E-15,1.1986049985275565E-15,9.236905141735855E-16,9.546122584504424E-17
5650,5.769980680584303E-16,2.742559362863521E-16,-1.0720206346189398E-16,-2.812266413042821E-16
12979,2.478979340396375E-15,-4.478616872614923E-16,-2.4710585837281842E-17,-1.1059268765677553E-15
13153,1.6889985799018575E-15,5.905486320720685E-16,-7.32809528670008E-16,1.0081935178237883E-16
16475,5.791733728535553E-16,-2.422861002218363E-16,4.5836889110618224E-17,-3.214544545971266E-16
23994,4.412420026980726E-15,-3.839926358838855E-16,-4.686478299537504E-16,1.3403579914322605E-15
25713,1.462276564086263E-15,-3.4396726784754475E-16,2.5639291282248154E-16,6.848361191618261E-16
29135,7.522516875001341E-16,9.484961790717996E-17,1.7372436004550447E-16,-4.670733119348246E-16
29617,2.633034253558724E-15,-1.2022037049454079E-15,-3.249665576040219E-17,2.89223967529828E-16
35359,3.2297026240719057E-16,8.94853591705554E-19,8.807837871983168E-17,-2.372112684859874E-16
37099,1.5965165164126225E-15,-7.852021940825758E-16,-1.3208725249595854E-16,-3.42083071230798E-16
39403,4.639849079910843E-15,1.42578866963762E-15,-2.921402609078394E-16,6.004816020329716E-16
44647,1.000893775978428E-15,4.777315801621033E-16,1.1237528872885983E-16,3.730756426309991E-16
46956,1.0039035307266886E-15,2.915737934190655E-16,3.41766307427311E-16,-4.413039080543928E-16
48486,8.27430262607467E-15,-4.196732601127765E-16,-4.000085245822627E-17,-1.219124204492691E-16
50134,3.969387040311238E-15,2.023601429079833E-16,1.3351414594302556E-15,-4.7271969820542247E-17
50863,4.226861013313546E-15,4.3486516517876174E-16,2.0197848943322115E-16,-1.4113176437686562E-15
52833,2.1354903565866173E-15,1.0365657120667827E-16,1.9237456261400002E-16,1.0307982549873897E-15
52836,3.918312800968363E-16,-1.009278629920042E-16,7.184333566744683E-17,2.7327392114505343E-16
54412,2.4958215293643873E-15,-6.179656274207103E-16,-1.2551017805561888E-16,9.32512010253901E-16
56635,6.290776683966403E-16,3.9725841886640684E-16,1.3135898164108244E-16,1.2236770438163836E-16
60196,4.9097320510138705E-16,-6.6470366222392304E-18,3.0630421295377236E-16,-1.5798986792333834E-16
5058,1.8426672307669548E-15,-7.588398489288781E-17,6.084519339805456E-16,-7.210022447802013E-16
22321,1.1080524357206307E-16,1.2064739458150741E-17,-5.576793165653955E-17,8.237727446688027E-17
23539,5.257734761165798E-16,2.0491245590748913E-16,-2.965095098036909E-16,1.0242873257190467E-16
27622,7.191758638849387E-16,-2.8827198842287174E-16,-3.0721464321603333E-16,-1.9378596950768949E-16
28464,1.5270052942460771E-15,-4.0194966641639375E-16,-2.8887714296051007E-16,7.071652425770354E-16
28845,1.2079755033792531E-15,-5.907297744626407E-17,5.157675333605976E-16,5.184824981512957E-16
44555,3.887237130389757E-15,-8.244072774107995E-16,7.711034452307552E-16,8.871504287042412E-16
44997,3.265367111144979E-15,-3.6105804685434343E-16,-1.0193730572675238E-15,9.302305890915024E-16
54113,2.249798181143482E-16,9.945294882197665E-17,1.4406435750633665E-16,4.015653238213284E-17
54174,2.9153863617276863E-15,1.2114114929425898E-15,-4.200016662021742E-16,-3.480425569338412E-16
56493,2.8500321941965437E-16,-1.4102135641703706E-16,1.2265283730251125E-16,-1.2380116796270626E-16
57696,4.815101002868221E-15,-1.5387407205818803E-15,-1.9531063523714374E-16,3.4167571471916774E-17
8309,8.295041294884873E-16,-3.3730492446234054E-16,3.1812822148924507E-16,-2.5921915279697355E-16
19786,5.359039530556392E-16,-1.4984405411024994E-16,2.4965000260291595E-16,-2.452709665072355E-16
22949,5.868505096792018E-16,1.2263333069614047E-17,2.496691124565701E-16,3.2058624220910383E-16
25013,4.459653208606554E-16,1.4974543041020296E-16,5.940240284290128E-17,2.906788390523701E-16
41812,2.42507366646935E-16,-1.256141366264513E-16,2.541688594157322E-17,-1.509060562120619E-16
1942,5.810823068024502E-16,3.296072463501898E-17,2.793890001594367E-16,2.6929483579213497E-16
7512,1.9326680444307898E-15,-4.121984351612676E-16,-5.410685709961722E-17,-8.868560865410174E-16
9660,5.982730374013495E-15,-5.398009018755195E-16,-2.8768602710574154E-16,-1.2989970148658735E-15
10131,1.5374269071638782E-15,5.318257816752855E-17,8.261321747670876E-16,-2.5256656454426673E-16
13820,2.971556256367377E-16,2.3965636460361607E-17,1.1789746686806075E-16,-1.8497819305132745E-16
14521,1.1388097220538024E-15,-3.3629724971504073E-16,1.17432194088458E-16,-5.545839419468545E-16
37776,6.996974567558511E-15,-1.0718236605351792E-16,-4.80311205557489E-16,1.2096017151788465E-15
38978,2.474196720922787E-16,4.1841533362424854E-17,-1.9410344489676984E-16,-1.795987843323302E-18
50677,6.24610683460891E-17,-2.889976668008345E-17,-4.1249352859214923E-17,3.155545237084102E-17
54152,4.3006115214554326E-15,-1.108918802158458E-15,3.8013036608026786E-16,-9.674140263485697E-16
45710,3.6386792398626044E-15,8.706692501635069E-16,1.2178899338478858E-15,-1.066046591160908E-17
48290,1.803828297356838E-16,1.43132958119102E-16,3.96409456119697E-17,-4.06004902093159E-17
57646,3.166279568099665E-16,1.6069590727569807E-17,2.411554804908505E-16,-5.3319062226075655E-17
59268,9.573975315341568E-17,-6.854228769216158E-17,4.4034724296218215E-17,-3.2853376469788995E-17
59760,6.2515400430114495E-16,-1.8213659817117583E-17,-3.722707067738195E-16,2.2018378634578647E-16
10376,3.3966994933743378E-15,-1.0241842695185576E-15,1.6228619644304983E-16,-9.988663475254633E-16
13560,1.7878528324618423E-15,1.6208265632167218E-18,2.349470615720649E-16,8.823036463560862E-16
20548,6.432858143753036E-15,-1.0198707898296873E-15,5.241791491965143E-16,-2.853231484418437E-16
23045,3.336392393988828E-15,-3.3262537050236017E-16,1.2105567147266385E-15,5.892157675860967E-16
31536,7.740038148657529E-15,6.435542474406641E-16,7.109686589015305E-16,-7.344191035556599E-16
33712,4.156339452909179E-15,8.651802116850988E-16,-7.664018273725791E-16,9.96018542086363E-16
41048,3.0608879072729208E-15,3.285970127669073E-16,6.788375762151726E-16,1.1162340216674471E-15
49647,3.5818295407019977E-16,-1.5763906541821207E-16,2.0710351216428475E-16,8.940117022233949E-17
57063,6.364675443551271E-16,1.894078574697363E-16,-9.190704605036853E-17,-3.067294031990409E-16
58095,5.320590974445408E-16,1.632213407324269E-16,-1.1299596991031351E-16,-3.2538682699363736E-16
1421,2.645646174664625E-15,1.5504878151818512E-16,-6.478173106157413E-16,9.896750203776637E-16
2346,4.001463261291161E-15,-1.4360611677782489E-15,-1.3240242916420086E-16,-1.263340528390038E-16
5569,1.3967442491757533E-16,-1.0048487235801911E-16,6.802668273867499E-17,-1.6064288671253828E-17
5731,1.4788176085558054E-15,-5.904694707649056E-16,7.728881082376579E-17,5.582239073085434E-16
8898,3.5162411343791826E-15,-3.7814087270438736E-17,7.732064117234213E-16,1.1763283925342606E-15
26891,1.9533646778415384E-16,-3.686033312945755E-18,8.507815411884205E-17,1.4065041637787396E-16
28276,1.5666934342329136E-15,-6.607124268354232E-16,2.1078779466483491E-16,5.479401671282293E-16
32905,5.1806316806417246E-15,-6.977439990978088E-16,4.408688808051769E-16,-1.29755968255296E-15
35949,2.78470224877638E-15,-1.091344828831802E-15,5.990778275585549E-16,6.20985150574803E-17
36628,9.272804266987945E-16,-4.487305537172259E-16,3.1162098204078626E-16,1.6545592559034108E-16
37308,4.024908953074067E-15,7.896531833475174E-16,-9.391450906633653E-16,-9.48207221078646E-16
40385,9.79851177012596E-16,5.523120428367231E-16,-2.776097650816592E-16,-1.6355445579303369E-16
58002,4.549277864217729E-16,3.088093270890933E-16,9.665121461852638E-17,-6.735430723890405E-17
3553,1.576015367835969E-16,-5.754213046249351E-17,-2.6922941255314105E-17,-1.1954596597208334E-16
10056,1.4027509272989115E-15,-4.036300638009989E-16,-6.696944884309622E-16,-1.6905328280887043E-16
10704,2.8087355401571107E-15,3.4910267152806504E-16,1.1469626033750737E-15,-3.0619462791737477E-16
11176,4.405188519946694E-16,-9.956104549768337E-17,2.517865231519378E-16,1.3545708093486776E-16
17591,2.111332564686227E-15,-5.905132390311694E-16,6.336574614140964E-17,-8.411009983573636E-16
20028,1.5048801457265581E-15,-7.205699715998746E-16,1.0915056967724552E-16,-4.3137311607099674E-16
30381,2.583747876376687E-15,-6.887092180895052E-16,-1.0156674625042711E-15,8.74549139467317E-17
34771,2.911786354003025E-15,5.173362776916438E-16,1.046066401557787E-15,-6.175869878998323E-16
36245,3.592178647162904E-16,-2.061158036186622E-17,-7.349061353315295E-17,2.592578355143637E-16
41427,4.589622318589052E-15,1.5634400507361707E-15,-2.6767705298754827E-16,-2.2433254537770475E-16
43991,1.9967212173421304E-15,-2.439410528621986E-16,-1.0110494079920499E-15,-2.7142791997287234E-16
45667,2.1633207580513462E-16,-1.0116822973887118E-16,7.77256016300868E-17,-1.2385913056219323E-16
48992,8.271395190043182E-16,-9.270597146991848E-17,1.7140746189890413E-16,-5.027454209933166E-16
49736,4.3500716026515514E-15,1.2449215215779972E-15,5.419142883241408E-16,-4.782959072295749E-17
54002,3.9883963424581085E-15,-4.0608965563526285E-16,1.7249756297019166E-16,-1.4466602258808564E-15
61791,3.504513690212659E-15,1.2331708861458482E-15,-7.729371491350157E-16,1.4300810479764325E-16
7469,9.969545001338848E-16,-2.96393602569332E-17,-5.824669490116691E-16,-2.1965395409665201E-16
8497,6.893183183176569E-16,-6.474119571657797E-17,-4.476124332615716E-16,1.2550442324837916E-17
14840,1.587036476984515E-15,-1.0851306895371073E-16,1.2078022809773645E-16,8.595134816764253E-16
15218,1.179827684127091E-15,5.276635438595179E-16,4.586418501349072E-16,5.761051966813407E-17
23551,7.894214622807166E-15,2.1111379125555425E-16,7.929662256455015E-16,7.530876574920242E-16
28336,4.967145461839376E-15,2.9561958823361997E-16,1.1628641546607375E-15,1.1200218829919063E-15
31456,1.8626921347726636E-15,-2.6570889751006644E-16,-6.566565021619023E-16,-7.236013190208082E-16
32567,7.066230353779259E-15,-1.4089356900118374E-15,-5.325938372259205E-17,-7.671579590464689E-16
36229,1.451957128692435E-16,6.129621603624718E-17,-6.303661236492665E-17,-8.888793320686626E-17
3862,2.3354463848682507E-15,-9.111277067868436E-16,4.782273459194777E-16,3.636674059967832E-16
4329,1.573769715384379E-15,5.256109244169833E-16,-3.16566952606436E-16,6.236609167056308E-16
5605,6.052200923900577E-16,1.2032643821929392E-16,3.617934541635343E-16,1.8054217760938984E-16
5984,1.3238842598894062E-15,6.604335240702371E-16,-1.233671912547703E-16,3.7365612983721254E-16
7721,2.0934329486929593E-15,8.898979106940159E-17,-6.038878485513106E-16,-8.489749754763351E-16
9397,4.855827612571801E-15,-6.984484005555008E-16,-7.780998588948638E-16,-1.0799023698759229E-15
11662,1.7614966316814828E-15,-4.0473735960969433E-16,-2.0356830294532979E-16,-8.358509888014518E-16
20925,8.896098820100794E-16,-5.26778165145517E-16,1.0001738590974856E-16,-2.288550110946881E-16
26518,2.3889722901703145E-15,-8.743276787445647E-16,6.203489956534855E-16,-1.113706298151531E-17
30112,3.584992548918804E-16,6.559512772829663E-17,1.505214491375034E-16,1.965171447913107E-16
34024,4.471297542785722E-16,1.4307972564223254E-16,-2.068330986297132E-16,2.0978572082431664E-16
40581,6.40221984671638E-17,2.0030090355016905E-17,4.330419941378456E-17,3.757480599488664E-17
44489,2.5056763313007886E-16,8.868623483491793E-17,2.1787470597178917E-17,-1.8187349529862682E-16
50994,3.4420748538773948E-15,1.0247544723156882E-16,-5.864053818790912E-17,7.44039496861375E-16
55888,7.329714520154814E-16,5.502623138168859E-17,-2.91658038044329E-16,3.9061639073605918E-16
56264,4.1818209033021556E-15,6.566700096698662E-16,1.2759320530460052E-15,3.9023119436693963E-16
48468,5.408145039440799E-16,2.672242598052898E-16,1.1924014284759999E-16,-2.1372764723166288E-16
51321,6.483487022690331E-16,4.3547448156594223E-16,2.3397232436071967E-17,-1.6266928966809307E-17
57085,2.004042210369335E-15,7.974398074076552E-16,-2.884711639647598E-16,6.280619038623207E-16
58501,2.077248450458486E-16,1.2881252144803607E-16,-8.641464824890612E-17,-6.49291200847339E-17
1699,2.975940128719735E-15,-8.122115547053467E-16,-1.0453996471285974E-15,1.323684168587542E-16
7929,3.808447058448755E-16,1.2012638040807802E-16,1.477892032802534E-17,-2.301403113835282E-16
9281,2.713235538615087E-16,2.7839067482140936E-17,-7.895638163045998E-17,-1.9453547007301569E-16
12493,6.479660379148497E-16,3.8334096910998933E-16,1.8753115963551545E-16,-1.1748991040463026E-17
13755,3.949142209068083E-15,9.293722325185902E-16,-9.30455048970645E-16,7.449832449022898E-16
24559,4.034444811626987E-16,-2.238753774980705E-16,1.9901982154751037E-16,2.5948219735277883E-17
28028,2.0016138805497206E-16,5.837151494806048E-18,-6.132690312182531E-17,-1.561494676515768E-16
32916,4.60855501757579E-16,-4.213846995665743E-17,3.2658132815702004E-16,-4.836602181949149E-18
33700,5.494421710221877E-16,-2.6883298747768675E-16,1.8523077401111265E-16,-1.9334575939216268E-16
40369,1.3808024513628848E-15,3.5765419235424024E-16,-6.25181658827446E-16,2.5370214641671206E-16
41070,2.24594504414233E-16,-1.3536660351222319E-16,1.160668983794503E-16,-3.294395212880419E-17
42249,1.7619557746818834E-16,-5.750089273996971E-17,4.446140729745917E-17,1.2766937557101675E-16
1274,1.1316210509202132E-15,1.718388458912989E-16,2.4589252123769804E-16,-5.60086047246833E-16
4304,8.626743022273156E-17,-2.4102306972637595E-17,3.2801227491996933E-18,7.621038374402071E-17
12239,1.591126953872747E-15,3.821674525209649E-16,-5.9761967350695905E-16,5.22336291518319E-16
12286,5.9854645252618245E-15,-8.87055101643243E-16,-2.1742865201735275E-16,9.07185499819633E-16
14626,2.328313569120482E-16,-6.764000518485067E-17,-1.771028222522644E-16,-1.5888955670435545E-17
14901,4.801727332420132E-15,-5.108591436505396E-16,1.1771911671619304E-15,5.351523932277106E-16
25119,2.1303690010610725E-15,-1.5645442171915175E-16,1.515397884113709E-16,-1.0830244056337915E-15
27696,3.0079264538497795E-15,8.310582298547651E-16,-1.0336035603071436E-15,-1.0176400421517573E-16
36055,5.569059987539541E-16,-2.1446668462375582E-16,3.6726270715506247E-17,-3.2766087823375377E-16
36636,3.703506749754128E-15,1.07383353220528E-15,8.413483519339096E-16,-4.461154663914993E-16
37332,7.078622285314246E-16,-3.4810901175911617E-16,1.7835736635942394E-16,2.5422132385251284E-16
38074,3.8550060077628215E-15,-9.469648269240436E-16,-7.667047004346168E-16,6.156208982708383E-16
42001,4.464790752330483E-15,-3.0182590654742153E-16,7.277882006706859E-16,-1.3101847059079036E-15
46033,5.013165820841256E-15,1.155156742830982E-15,4.299535227001002E-16,8.920912312984077E-16
50501,1.5878537402243186E-15,1.3867692595235204E-16,6.566990438233813E-16,5.453435952654803E-16
53788,7.625040492694686E-16,4.734302202816731E-16,7.687168778753558E-17,4.602177941871279E-17
55227,2.3906780211732176E-15,-4.3216553710909915E-16,-2.2196867282695899E-16,1.2974646594580491E-15
55316,1.849825752357873E-16,1.210127128017795E-16,-2.1731562618285043E-17,-9.483564587617517E-17
10286,1.6640857115068864E-15,9.10600468082299E-16,8.765878186153784E-18,-2.133763126491138E-17
12834,1.558667673773645E-15,4.857104705910242E-16,-5.186972972863917E-16,5.066956434232063E-16
13174,1.1869257349220624E-15,3.2325829479895137E-16,-2.644254677932743E-16,-5.977637824200483E-16
13440,2.7048931942048474E-15,-9.00564669519351E-16,-2.437568135414929E-16,-8.424781312449309E-16
29146,3.5183537031652237E-15,-2.593407382070461E-16,-9.539156852751234E-17,-1.3975113398353695E-15
36121,7.08442954127147E-15,9.941534031147465E-16,7.463895260391614E-16,1.7497297638214186E-16
43614,2.87902959286054E-15,-7.531333895758248E-16,-7.513675746208521E-16,-7.204823962983868E-16
45486,2.447077382831856E-15,8.48736616729482E-16,-8.828289573327868E-16,2.406670642036575E-16
50136,1.371632455355474E-15,5.906509799319151E-16,-4.688109971071829E-16,-2.2538774107867535E-16
51692,4.283384233953392E-15,3.1954437714169717E-16,2.293366427945063E-16,1.3529178861104443E-15
56807,2.3718589051200745E-15,-8.114031151124375E-16,2.7939049817676338E-16,7.91116002818431E-16
58831,5.7794641974633455E-15,-1.3594959496416994E-15,-4.504574103979976E-16,6.916074639686129E-16
5029,3.9403811666323156E-16,6.644525289382189E-18,-1.807612469905607E-16,-2.2493553215820765E-16
14168,1.6581261897936118E-15,1.1185050968170711E-16,5.563063392205826E-17,9.06337986808965E-16
17002,2.1904945897157915E-16,-3.8202021057063324E-17,1.3942615030986665E-17,-1.7509348446777452E-16
17251,1.0818367091143213E-15,-3.949974300320084E-16,-5.315181845308706E-16,-8.94650377555205E-17
19883,6.774318969571856E-16,-2.9351902507765094E-16,3.080699282448489E-16,-7.660227969584652E-17
20875,2.0298019520692624E-16,8.988974729219994E-17,-9.435793084836675E-17,1.0718369929397326E-16
23662,2.5996330543692172E-15,-8.627639580825813E-16,4.734579087602018E-16,6.493390908788561E-16
25284,1.4392230982376478E-16,-6.774168135995768E-17,5.688412122674016E-18,-1.0433463320357319E-16
29351,1.2880690920631204E-16,-3.679666574351388E-17,-7.337324462141111E-17,8.086845896298128E-17
30422,3.6755604417498986E-16,1.9757165107579796E-16,1.6135799212073233E-16,-1.2062728254550171E-16
39217,3.4499517208989184E-16,3.4842224324485966E-17,4.688479066258085E-17,-2.583366428048921E-16
43709,3.139012111622169E-16,-2.050463079336188E-16,1.3117206836822745E-16,-3.095124537977916E-17
45578,9.948051796932023E-16,-1.0758950417119104E-17,-1.9450879156665195E-16,-5.887335610349551E-16
46998,7.730263961578545E-16,4.681060152354005E-16,-2.8673668125341557E-17,1.8857085481589428E-16
47069,6.965669353857961E-16,2.980319364905393E-16,-3.5829245760870967E-16,-4.1755568966661143E-17
54057,8.055844802057314E-15,1.226361512403087E-15,-9.858759079581319E-16,3.14854690926729E-16
54121,5.133140119295208E-16,-1.6216110748620243E-16,-3.140638443790667E-16,-6.757150313708767E-17
59082,1.5358093802217164E-15,4.557379498173749E-16,1.5004686747689268E-17,-7.620891815518258E-16
4849,1.8678416965188295E-15,6.496119708353222E-16,-5.295918879022469E-16,5.341090086329671E-16
7372,8.824156272547725E-16,5.478270043418801E-16,-1.557045679699777E-16,-6.140334371557367E-17
11165,1.5853159445418846E-15,4.633243703925243E-16,-1.5817179777259087E-16,-7.448423702553871E-16
19503,2.0757209579167187E-16,1.0709906173444636E-16,-1.156577560860415E-16,-2.1991296465919468E-17
20709,5.22356970069494E-16,-1.0640381412134889E-16,7.544722460113919E-17,-3.5176761329609686E-16
20765,2.904935885898089E-15,2.0216040064813166E-16,6.440627175041264E-16,-1.075508544467876E-15
23401,1.0268944529999463E-15,-3.436532425422913E-16,5.059679286062198E-16,1.3625586036489082E-16
30966,5.52005646487966E-16,2.251074097543857E-16,-2.297600588323788E-16,-1.939830561408027E-16
34041,4.25063630516139E-15,-1.1401798259615798E-15,-6.231809240889309E-16,-5.131024927866114E-16
34571,6.181515246561281E-15,-7.365557263114234E-16,-1.5498235101635974E-16,-1.204961215181224E-15
36357,5.42006790371666E-15,5.695482576425292E-16,1.2120903923695988E-15,8.08701457015273E-16
38222,7.665063538293176E-16,-3.607749915126805E-16,3.226847948524054E-16,-1.5106272046678723E-16
42183,3.2130625948061636E-15,1.1027245000625191E-16,-1.0082619517958511E-15,9.947174908633294E-16
45282,4.634412849404729E-15,9.469634500082835E-16,9.217538502987049E-16,1.0349644794003128E-16
45860,8.136466750903187E-15,1.9699344197264697E-16,-1.428684159313094E-16,1.0447011693867241E-15
51634,2.2142494693439964E-15,-1.0936108781327426E-15,-2.3625216109325733E-16,2.9920204449668533E-17
52825,2.18383235221362E-16,-6.397115146197958E-17,-1.629457174226279E-16,-1.231259180054513E-17
54342,2.2738613431129496E-15,-4.579174094384533E-16,7.416725804481929E-16,-4.1507147090450485E-16
56224,2.633316147641508E-15,1.0168667222716968E-15,6.411499759716547E-16,-1.2803440876031963E-16
57049,2.998662151759794E-15,3.276843958893577E-16,1.2237454005529606E-15,-2.344176920573578E-16
59891,3.6652888380750635E-16,2.6932743942858697E-16,4.848996517016494E-17,2.3932291108630775E-17
61350,3.0603387355869083E-16,-2.127960506827622E-16,-7.113735427383079E-17,-7.776036436920111E-17
78,4.581503252714981E-15,-1.889057976365111E-16,-1.7530688516540503E-16,-1.3983593180793312E-15
4819,7.256562356464E-15,-6.300303217370315E-16,3.9783641747653595E-16,7.793293440806518E-16
10403,2.931906970868227E-16,1.9148701251069513E-16,-1.2626242842049826E-16,-2.5583136632746677E-17
12099,1.7503016845400745E-15,-2.69201175520395E-16,1.3995523275942256E-16,-8.665005642629202E-16
12745,6.059329801516646E-15,1.3829657507829066E-15,7.11276885499889E-17,-3.724947446056971E-16
15492,2.636059041913228E-15,1.1549745764864807E-15,3.0214278361437583E-17,-2.737317695795231E-16
21705,4.307527884711759E-15,1.3259952193849616E-15,-4.034575483322356E-16,6.148120433970033E-16
23851,5.069207332796968E-15,-1.1701269420175825E-15,5.0629071231477816E-18,1.1129500966520186E-15
31430,6.376579488167516E-16,1.552651185708212E-16,-1.0460499937537216E-16,4.099726150957909E-16
32756,2.4253810035449463E-15,1.569953429738301E-16,8.322865055896139E-16,7.991004154779712E-16
41487,7.976170203513493E-16,-3.7218529763526267E-16,3.105382539018846E-16,-1.5878446733188173E-16
46632,3.2794775725016257E-16,2.178154488566788E-16,-9.64233383071672E-17,-4.021705879219543E-17
53241,3.0632365920673546E-15,3.8078425407427633E-16,-5.257437900282229E-16,-1.1403094365926771E-15
53370,2.495746147750208E-15,-3.036485727985779E-16,5.693523078469538E-16,-1.0187450202823059E-15
56161,6.602272598613621E-15,-4.56752842210379E-16,-9.767554645354338E-16,-1.0709810772647545E-15
60716,1.5504651971902348E-16,5.4214826074703985E-18,6.690801082276869E-17,-1.164678861198005E-16
61933,3.5182785977170814E-15,-4.759508311219732E-16,1.0467675489516294E-15,-8.248268096870905E-16
62033,4.795857824198974E-15,1.4730402213974339E-15,-1.201373674235671E-16,7.874323791701808E-16
63950,2.160515619926902E-15,8.725608132954643E-17,8.555776261614185E-16,6.472503407907337E-16
6235,1.4153428995444613E-15,4.023981105009243E-17,6.447524537250778E-16,-3.2455378473611876E-16
18190,7.162954175542231E-16,3.8800241526146336E-16,-2.804462258956157E-17,2.8437009431057886E-16
19788,5.43662893569932E-16,-6.02894092291559E-17,1.503732585043663E-16,-3.062788414309233E-16
21371,1.2800150226989392E-15,2.634938827021554E-16,-2.2081759564416609E-16,-6.698463363116461E-16
21813,2.3226822670410917E-15,9.086552427426671E-16,-3.0304916613000195E-16,6.605305656939906E-16
29384,3.68582749000696E-16,-2.1372505509640775E-16,-1.7308549906302365E-16,4.3555789763854617E-17
31870,9.582370283759954E-16,-2.1390486801443646E-16,-3.692084234851731E-16,-4.3714661848644505E-16
41159,1.8471887608120238E-16,1.1884377688163407E-17,-1.246214572616002E-16,9.270201851738766E-17
42638,2.4517071184990323E-15,-3.0522008542160325E-16,1.0063083060277322E-15,2.405752995114509E-16
42831,7.362363575488082E-16,1.7293649070508237E-16,-3.0998464087007494E-16,3.4446704756264216E-16
49652,5.082797516318183E-16,3.4802514609006934E-16,7.128758284290405E-17,6.469039176124922E-17
49720,1.1170492754648566E-15,-6.661605130745336E-16,1.512425779110378E-17,1.0193486270689115E-16
51860,1.0525426966976165E-15,-5.335539401136452E-16,3.3297960868424924E-16,-1.1616052440451945E-16
52591,2.9886571803309873E-16,1.3589350322457233E-16,1.6373723062563468E-17,-1.7468950501126878E-16
4738,8.054746964786936E-15,4.480974325575321E-16,5.158941645660082E-16,-6.510673152188801E-16
5118,1.8095411932813896E-15,-6.615487483218228E-16,-4.739140022508722E-16,-4.2184631280002245E-16
6069,3.716268661956493E-16,1.0558861674317869E-16,-1.1197201534219288E-16,-2.4143219305695716E-16
6131,1.865560853285361E-15,-4.595303279768686E-16,-6.315714290348404E-16,-6.172992811690465E-16
6696,2.0171887169606932E-16,1.4887402848311853E-16,5.65513148292719E-17,-5.472340598371332E-17
7291,2.398991195773596E-16,-5.1822865042605304E-17,1.6038857394937297E-16,6.775082427098265E-17
11461,2.0284310149166524E-15,1.0135784945000908E-16,9.705786307316215E-16,4.45425870168554E-17
23382,4.517757810575852E-15,1.2723791750617407E-15,-6.927303581208715E-16,-8.349987921498564E-17
44485,1.5039679563005522E-15,1.7744447033659052E-16,-6.572292248183657E-16,-4.585440301648607E-16
46982,4.4546712793602015E-15,-3.2536881252785346E-16,-9.740513828239878E-16,1.012905854298403E-15
48869,1.2822080135785594E-15,2.395311396168442E-16,-7.05963400447044E-16,-5.763913526647281E-17
49443,8.9756692747322E-16,3.4497166242349007E-16,-4.089626292275986E-16,2.4082200308656356E-16
60250,1.0143748874619198E-15,1.9250442945564475E-16,-5.690419599506637E-16,1.6862666749822405E-16
4421,2.4832941528342216E-15,-8.388001795631433E-16,4.901324328849631E-16,-7.223694823167897E-16
7193,1.177192817976394E-15,9.735971612941631E-17,-4.977353350616767E-16,5.073948064619242E-16
22145,2.5930322505761732E-15,-6.495098036350276E-16,-9.077989651700613E-16,-5.559041671501938E-16
22903,1.302975222135946E-15,-4.413490513770009E-17,3.930971242969692E-17,-7.385429421811962E-16
26909,4.2447168481953033E-16,-1.4731829267608969E-16,-1.95124188593404E-16,1.8298452244999755E-16
30472,7.136208378756995E-15,4.521511042427481E-17,-7.886327983751792E-16,-9.37386749883869E-16
32828,8.533118114830973E-16,2.859329325632466E-16,2.6868029741628367E-16,3.8984877169439043E-16
40743,5.305492884330451E-15,6.290264893617E-16,1.4274273610449103E-15,-1.8624789062569699E-16
48141,3.807262707851292E-16,-2.8314388483214666E-16,5.120794250982794E-17,4.119103373521938E-17
50364,5.07296830796679E-16,2.8627235661199775E-16,-3.480202033825493E-17,-2.176197042266623E-16
53183,3.1418448987322592E-15,1.1641927302651137E-16,-6.90559345233457E-16,-1.0658651038429527E-15
54108,5.409519745118593E-15,7.947413487143136E-16,1.167936518105496E-16,-1.3755523313249901E-15
54124,1.1751909988205412E-15,-3.3742996603241604E-16,-5.0734281112567E-16,1.9531059477062437E-16
5436,2.183384052530629E-15,-8.344356715811616E-16,6.823055110564655E-16,-2.997713654402951E-16
6756,1.807070965862907E-15,4.361028749306435E-16,-8.578899831547614E-16,-1.4903070286010803E-16
10634,1.4046405660453579E-16,-3.050781939784074E-17,1.057554084034883E-16,5.253152101554685E-17
15330,2.160736639815754E-15,7.46521300355191E-16,-2.574336276579603E-16,7.865510623772328E-16
15718,8.641371149981949E-16,-9.42419124381972E-17,9.656714438518252E-17,-5.360650805724537E-16
22454,8.97798903194768E-16,-4.3966147122437677E-16,-1.0978075716815896E-16,-3.438586837462374E-16
33909,4.9532773753642245E-15,-7.798402832711554E-18,1.5253312252527641E-15,4.509693237302088E-16
35054,2.3844914766332875E-15,-3.8915228885880335E-16,-4.851666008184607E-16,-9.857906152387585E-16
53587,2.91460324757871E-16,-1.4879270602672244E-16,-1.1742087894272535E-17,1.7940912012238968E-16
54444,4.087573089128737E-15,8.248929220920563E-16,-3.942914045937276E-16,-1.2200997642341006E-15
55182,3.967756775811144E-15,9.396216146031195E-16,-1.1503688192851216E-15,-1.1046707679953719E-16
59723,5.118132985825421E-16,2.669528939925965E-16,2.444463749437389E-16,6.578398128638497E-17
62297,2.857267695037998E-16,-1.995343720983779E-18,9.18470186581195E-18,-2.228112277343108E-16
62781,5.095111014862945E-15,1.735852198631828E-16,1.6519584236871702E-16,-1.7388018542222323E-15
2222,4.1915514416203706E-15,1.7331295837612658E-17,-8.471997040114291E-16,1.2913568184361737E-15
4686,1.2796669718821248E-15,2.840257456634017E-16,3.127405238788215E-16,6.443224462226726E-16
4864,2.05852183233822E-15,2.1782593565895526E-16,1.9592644702175188E-16,1.0071965985116901E-15
7530,5.22149964213973E-15,3.978524411394139E-16,9.269237000246066E-16,1.0592765309774272E-15
8560,5.720524658620397E-15,-1.4526903574117287E-15,-3.944526352961844E-16,-1.966319575695957E-17
11819,2.3581056602777786E-16,-5.888184867394694E-17,1.774538235528567E-17,1.8112443189774662E-16
13320,5.128476200541624E-15,-7.143382317677754E-16,-8.135512866808867E-16,-8.886480730467257E-16
17366,1.367518170475922E-15,-1.428142764221701E-16,4.552219070415881E-16,-4.0273223333430273E-16
25187,9.879867796746666E-16,-9.753654937050598E-17,-4.830724524596651E-16,3.741963364115681E-16
37106,2.9522999127155388E-15,-8.752043920328324E-16,-8.200348693755001E-16,2.4259994515035768E-16
39714,4.031231675360478E-15,9.054927771339811E-16,1.137802351849513E-15,2.238459314903001E-16
51669,8.73825139267332E-16,-5.009805307734631E-16,-7.767956262235878E-17,2.669109527153906E-16
53410,6.125137043015331E-15,-7.735838990973398E-16,-1.0955722057187392E-15,-8.348677655157174E-16
54458,1.2199271294590302E-15,-1.7001228352341897E-16,-7.314996826663797E-16,-1.5166111202007655E-16
54807,2.0200870526074048E-15,5.337872157590966E-16,7.243797780574171E-17,7.152179349668563E-16
56818,6.924759115033696E-16,9.783895374390296E-17,-3.6058271609630627E-16,-2.7369905952130004E-16
7801,3.755668751152051E-16,2.3613246676726054E-16,1.4793497568830812E-16,6.619559132366291E-17
9269,5.402503181800186E-17,-3.8334123650998495E-17,2.365567516858566E-17,2.5544583605508165E-17
12308,1.4662931127073724E-15,-2.566231623206195E-16,4.3550759953380913E-16,4.617012524541985E-16
13653,2.646672852968919E-15,1.648602862942742E-16,1.140621542912042E-15,-3.2559868780456193E-16
13984,2.7681542821200572E-15,-7.735986456429434E-16,-1.0029514468603016E-15,1.794838998012187E-18
14166,8.647568114451323E-16,2.4261964020487926E-16,-4.441643498604566E-16,2.375198759851266E-16
16197,1.700979643005831E-15,3.282341558308418E-16,3.061190091279585E-17,8.658884175530475E-16
18691,1.4650373169427036E-15,4.1879229521896326E-16,4.4192013436807584E-16,1.0149175197268586E-16
21681,1.7098714123097568E-15,-2.9302190620966927E-16,5.119982631059057E-16,6.764415454763327E-16
24876,2.2869655009833074E-15,-4.0397898254941173E-16,-2.039621365185582E-16,1.00505222348105E-15
27980,5.412853956399829E-15,-6.364913533419077E-17,9.981725047541148E-16,3.2037832661526597E-16
31746,3.807704807313968E-15,-6.100077197699063E-17,-1.2388915607398794E-15,-1.519732525414964E-17
36784,3.1669242485226188E-15,-1.6513098150291645E-16,-1.0158638134232765E-15,6.662559548932653E-16
43541,1.4364226254426554E-15,7.582827811368333E-16,2.1892822495557825E-16,1.1518081810849013E-16
46217,4.585814314562875E-15,5.629683610029457E-16,6.928893295686399E-16,1.1544858233651346E-15
51241,5.374158242856924E-15,-1.0586441919270985E-15,-1.2231349477039002E-16,-1.046180489828137E-15
53819,3.634493219601843E-15,-5.235249257893012E-16,-6.662216551282786E-16,9.547339154641331E-16
55404,3.6107643180491907E-16,-2.6647317710380657E-17,-1.6391612014890503E-17,-2.6807561458885946E-16
57016,8.230564691199716E-15,-5.811086124275395E-16,-3.970833982646897E-16,-7.836697344349409E-17
58373,6.470986235414218E-16,4.196213929618996E-16,6.119597194782591E-17,8.944733443320188E-17
59023,1.5870631735472604E-15,-3.8099449272162286E-17,-7.832171706494133E-16,-3.3454027978840567E-16
6810,1.6029660217047156E-15,-1.958886237029835E-16,-6.41091356182845E-16,-3.8376451931926024E-16
15622,6.122938115624658E-15,-8.214207196158128E-16,-6.940896593189196E-16,-4.0047923709783283E-16
22195,1.9903766510912804E-16,-1.3487821821168096E-16,5.604395183150228E-17,6.697978892741808E-17
27833,2.2017036311721497E-16,4.910441927997939E-17,1.7152055621130277E-16,3.710930009603943E-17
29321,3.727354073219861E-15,-1.8779870485743107E-16,-2.7642499037840376E-16,-1.401901936682445E-15
31093,1.3852952807508198E-15,3.353050514649785E-16,-3.415822326281774E-16,6.135752863996642E-16
31674,1.55748916088995E-16,1.1847065457216877E-16,1.8624074386038045E-17,-6.082101339425972E-17
33397,2.6566339498413033E-16,-2.0383587668172622E-16,2.3904234278692514E-17,6.500021381243956E-17
33779,2.5280729818058544E-15,-3.284449920665752E-16,-1.3148518313161206E-16,1.1359079288918563E-15
36033,7.627019758542215E-15,-6.545465693471296E-17,-8.212165606431416E-16,-1.0263829477672406E-15
37254,5.266149783541348E-15,-2.0046427544337612E-16,-1.469980800417598E-15,-1.585492619347306E-16
38405,5.357724697254464E-16,1.3976918024178086E-16,-6.251687288264842E-17,-3.498681171222371E-16
44791,2.7800808822391066E-15,-6.139666954670911E-16,1.0654174123748519E-15,1.7470704508220717E-16
46895,1.7542297418138852E-15,-6.009045942065407E-17,3.367373413855386E-16,-7.271294909487845E-16
49258,6.216379519194321E-15,-8.797026900689562E-16,-9.014156738254464E-16,4.65584482824428E-16
54920,3.2227282498664756E-15,-8.829598648084744E-16,8.900633823451108E-16,-1.4989632377419296E-16
55223,1.948395160494016E-15,-2.7982529859904776E-18,-5.624158911034284E-16,-7.943752180121881E-16
7498,1.2634955550875254E-15,8.719924847001847E-18,2.4410532205326076E-16,7.096086273284866E-16
10446,6.870073187961615E-15,2.1470587518151346E-16,-1.526430121488605E-15,3.1707620670136093E-16
20475,2.588517059612893E-16,-4.0361453764059826E-17,-1.7431566690651616E-16,-1.0939072266598968E-16
24124,7.932963694394642E-15,-2.472613745288713E-16,3.2075858970564066E-16,-4.969848915366078E-16
24278,5.64251092965454E-16,-4.8712598827911324E-17,-5.584597312203043E-17,-3.899373969659947E-16
27904,5.85092201557583E-16,1.7552753504553494E-16,2.2902427726340532E-17,3.716064885803313E-16
35386,2.3855018027166392E-15,-4.084876331817543E-16,8.186266707252491E-16,6.465759167890723E-16
36225,3.8459617806967176E-15,4.214088851168771E-16,1.0863907425326288E-15,7.678941795866325E-16
36547,5.902183389006932E-15,1.352913210812869E-15,-1.3490338758912989E-17,1.0217202726333389E-16
48090,7.091877314786329E-16,5.520783071570479E-17,-4.000013279279209E-16,-2.3214380703552E-16
49606,5.820102914811286E-16,3.519850798178983E-16,1.9597723138317706E-16,-4.662691742535949E-17
50345,5.375232907651922E-16,2.284142402951982E-16,3.000696850662133E-16,-3.9286340609453147E-17
60657,2.8383658063779794E-15,-1.063624474429111E-15,4.3238536857603503E-16,-3.9100977560308116E-16
60850,8.119351430081639E-16,-2.1412846790582113E-16,-4.594831110498522E-16,-1.7180998606664324E-16
815,3.7888025845315564E-16,-1.2155732792589085E-17,-2.674128704848183E-16,9.25683378310305E-17
2454,1.4812808480535286E-15,2.0442451807909725E-16,-6.56066247725352E-16,5.124323612920349E-16
11888,3.120262459517692E-15,-1.1619366921467042E-15,3.7932684240731907E-16,4.348488411482059E-16
12346,6.534688660739499E-16,-2.222687029065241E-18,-7.920731063009095E-17,4.2251976391751097E-16
16366,1.3566973195100087E-15,-3.276534048096896E-16,5.131546102064724E-16,-4.83696259663066E-16
16818,1.5378773500989124E-15,-8.298671034170833E-16,1.2557143701274885E-16,7.346808804696078E-17
24145,7.956397617785142E-15,-1.5894492900039882E-16,-4.221081640352968E-16,-7.737906124097012E-16
30201,2.4813562017690864E-16,-1.9271652885354962E-16,-3.242175367963424E-17,-3.827076301795005E-17
31547,6.171791429035803E-16,-4.2615713912352695E-16,5.580127145572236E-17,-3.248910639249787E-17
31976,9.708229372532817E-16,3.8413896495132344E-17,5.938627788472092E-16,1.5569853451127766E-16
34834,6.541657868048279E-15,-6.766761088026582E-17,-5.334713956416811E-17,1.3637905289789818E-15
41007,9.68713194343319E-17,-8.283519071801658E-17,-1.902473159863881E-17,2.4458502369003492E-17
49403,2.7834405517711908E-15,-4.895701532489307E-16,-1.1399181126562388E-15,1.87707825993648E-16
62609,2.2757416323682585E-15,-9.775313003513607E-16,1.226035610817135E-16,4.310672175373983E-16
63036,2.4824990162757053E-16,-1.173215884779426E-16,8.037265721720564E-17,1.4295705045009714E-16
7741,3.577474611859672E-15,1.3548779910600222E-15,-1.0877063135673685E-16,1.5114506153317385E-16
7848,6.735986103156319E-16,-1.9248262216425949E-16,1.7203136550635688E-16,3.801396993856168E-16
8169,3.385311828107661E-16,5.762843669023222E-17,2.4641499408556263E-16,1.5420305417573832E-17
11194,3.8158523169271443E-16,2.2917172372689325E-16,-4.7535935335083174E-17,1.4292888187616526E-16
14363,2.605669407458209E-15,-9.764161026322643E-16,-1.6500347967722815E-16,6.076055366696839E-16
15729,1.1909690272265409E-16,4.3330491294192004E-17,3.756691999513995E-17,9.114807088027909E-17
24232,3.263851336391698E-16,1.9277453572595304E-16,-9.882980068663827E-18,-1.7102037465249925E-16
36162,1.6093249781860916E-16,6.45264338462814E-17,-1.0451065913396694E-16,-6.303887799984488E-17
38280,2.372705023177766E-15,2.2507388785711917E-16,5.815474717097846E-16,-9.319943081821736E-16
38343,1.068607143273799E-15,-2.6765659116884886E-16,-5.529124531485391E-16,1.495645104544082E-16
43400,2.6257574533288265E-15,1.519506370294663E-16,-8.374574971366841E-16,-8.214882038313626E-16
48202,5.869661079842052E-16,2.583491522704861E-16,1.1919797587094066E-16,2.972507743912989E-16
48218,1.029599285878316E-15,-3.707781571776775E-16,5.062053571726377E-16,-9.429739213494944E-18
50542,1.5335413735238298E-16,-3.3813964304625135E-17,1.0885768349471081E-16,6.267317877634877E-17
54347,3.644061684756058E-15,-7.532570291732392E-17,1.00671630797098E-15,-1.0389864078851168E-15
55163,4.315995606374169E-16,8.88038056632849E-18,2.1875461881808322E-16,-2.285852689451713E-16
1856,1.0974084150192424E-15,-3.3088831643289375E-16,-5.643305879729114E-16,-2.3923777140003678E-18
3982,2.403610416022894E-16,5.685464104123764E-17,2.3371869112779243E-17,-1.866936936920106E-16
5690,9.63084561183268E-16,2.555281056487111E-16,-5.252460401109014E-16,4.2714995461094156E-17
14797,1.664598451104142E-15,-7.375481789168709E-16,1.1162881793506587E-17,-5.138267610424819E-16
14877,2.8387152689911196E-15,-1.0362388294605944E-17,-7.999787337365481E-16,1.0108579140426003E-15
17772,7.003550221205124E-16,-4.093101197710635E-16,-1.8998064116002217E-16,3.900626787387102E-17
19203,3.4670649611433925E-16,-1.745574996891221E-16,1.8071007060602574E-16,4.997736802402606E-17
19378,4.902079502464659E-15,8.913243809477482E-16,6.893299935195342E-16,1.0681555296663533E-15
22832,9.88438228919505E-16,1.3027284054214927E-16,5.091659962489494E-16,-3.1687717563182453E-16
23944,5.172824844587074E-16,-3.613782329753391E-16,2.9618714088062414E-17,-7.088713888999594E-17
26640,6.680150810403141E-16,-4.33425671089754E-16,6.972891963918391E-17,-3.9947310576351205E-17
28546,4.2425786913481545E-15,-3.567808672651289E-16,-9.993108688946932E-16,1.1136043962331399E-15
36613,1.8807623713104323E-16,1.1772874519684727E-16,-9.969278348902656E-17,3.424709855373296E-17
38944,2.2372494162561647E-15,5.783362398541739E-16,-8.996581212827774E-16,-1.258517938750547E-16
43024,5.218456365449208E-16,5.931947564016507E-17,-1.9694355358495398E-16,3.1784435228591775E-16
43441,1.0731963971151808E-16,-8.375810094903675E-17,-4.374794385881707E-17,-2.212182520674289E-17
43610,3.899484702676535E-15,1.0509961872158306E-15,8.008716588182287E-16,-4.768630849786374E-16
56252,3.732073682132389E-15,3.3536202520107504E-16,-3.120434093684436E-16,1.4193310194341707E-15
57571,1.302715843691007E-15,3.122031487085885E-16,-1.6340329553295953E-16,-6.334709516255559E-16
61318,1.3497830385084183E-15,1.533030510694243E-16,-3.7906851756520087E-16,-6.359770069504023E-16
63472,1.133117994648238E-16,7.730453890134462E-17,-6.344763040419701E-17,-1.1426152523607383E-17
5264,1.3669245415311162E-15,3.7878647818590517E-16,-5.107092112352163E-16,-4.638598887007594E-16
10774,2.804965357696206E-16,-2.0251018131433913E-16,-3.351876325725927E-17,-9.126023188524332E-17
18963,3.118911639174816E-16,1.263541403878279E-16,1.58155980901377E-16,-1.3733929457805468E-16
25111,7.212662555237138E-16,-3.3992579332123527E-16,3.0625279118610837E-16,1.0166826209316657E-16
34694,2.784305644836251E-16,1.2763592304191294E-16,-1.2688770336711662E-16,-1.2571298759782206E-16
36144,8.585224092149675E-16,1.6656881608552684E-16,-5.145636792666114E-16,1.0436485835974665E-16
46175,1.4862648150906771E-15,-4.2352550377311907E-16,6.741307594885409E-16,-6.227776043722616E-17
46435,1.6732107075332886E-15,6.648498807448011E-16,-3.1708314759312926E-16,-4.646703560468549E-16
46591,3.2890849906656034E-15,-1.1295721463166553E-15,6.819522311441347E-16,-3.611670420954758E-16
46869,1.637469357772485E-15,2.700596886308074E-16,8.755013099150185E-16,1.3714575618129954E-17
59731,5.436911573623564E-16,3.0598246353054855E-16,-8.180228726574435E-17,-2.259575308005634E-16
4105,8.869720564781786E-16,-1.9298957257783457E-16,-5.249021248340355E-16,5.925270387433886E-17
9995,2.6717293256025385E-15,9.529392416158739E-16,-7.370740073378739E-16,4.3344509107181527E-16
12527,3.809704052039766E-16,-1.5913554929134983E-16,-8.079183837142161E-17,2.3179763091930904E-16
17211,3.3939402140465666E-15,1.0030212839705172E-15,9.775383588812446E-16,2.0886107648547699E-16
21645,3.462827062093662E-16,1.5279691167103496E-16,-8.367996615469902E-18,2.1452468192911643E-16
22074,2.6842963178115915E-16,1.5962284981521387E-16,2.936128590706248E-17,-1.4217573127844078E-16
22423,1.4482997392923093E-15,-4.827762105310254E-16,2.964451363457266E-16,6.00582890147479E-16
22723,4.816631645353084E-15,1.7273539347458954E-16,1.0747209140141468E-15,1.0211480534558505E-15
26351,2.1025400100866367E-15,-9.500475238263503E-16,-1.5016254832396696E-16,4.3203462317023323E-16
26561,8.092239088988558E-15,-1.8064543438764494E-16,-1.991613615307849E-16,6.576108158107756E-16
37357,3.957486556050465E-15,4.1271825511486017E-17,7.10159177360146E-16,-1.117799801176223E-15
46492,3.587947522978718E-15,-1.2102031068231987E-17,1.1621854961954523E-15,-7.818673371813427E-16
53706,3.501190862792457E-16,5.488062332944673E-17,-2.0004357345104799E-16,-1.269099278392506E-17
61380,7.194937925048298E-17,3.662434256527949E-17,3.040028468186388E-17,4.7757177114965073E-17
61551,2.6154190904982382E-15,-8.695841507975125E-16,7.197140564823044E-16,4.354166479872486E-16
12096,3.1351196434511754E-15,7.999367284896383E-16,-8.698252912863361E-16,-5.477319647476664E-16
12829,4.139285574248072E-16,2.1461401580963442E-16,-1.8656804489487995E-16,1.1481218498851637E-16
13764,3.8798119939181434E-15,7.635370602010355E-16,4.775611684576544E-16,1.2632186541899709E-15
16074,1.7102801546882611E-15,-6.179143575786487E-16,-5.499407188908448E-16,-3.511061919009797E-16
22056,3.1293845858786536E-16,1.5395175036090556E-16,-1.8804868293831354E-16,-2.673828376739079E-17
22854,4.763320882828216E-15,8.102376046125133E-16,-7.014968218059111E-16,-9.40331358842017E-16
30793,4.68528131842426E-16,-2.4851951387875165E-16,1.7721668524813833E-17,2.3266648281803527E-16
30854,7.957614509526878E-16,-4.1014671330263784E-16,2.80378273257812E-16,-1.7722250439618626E-16
34905,1.2202129780511008E-15,-5.795611336032371E-16,2.1239555061803002E-16,-2.936779354809231E-16
36997,6.300130390973551E-15,-1.3112221631762021E-16,9.308304841353472E-16,9.303004588579078E-16
40671,3.6372053548858146E-15,-5.13655357791751E-17,-4.3307109952292755E-16,5.312436074348358E-16
53508,4.491205651733362E-15,-5.708820245924856E-16,-2.7207598697063224E-17,1.4017924820326954E-15
53578,8.860363798178592E-16,-2.1155158824529965E-16,-1.0623525122329266E-16,5.273394521542986E-16
57441,2.486745309919917E-15,-5.421039917385399E-16,2.1550462084708802E-16,1.0429051371857601E-15
57521,4.408923580429268E-15,-1.4015500912840554E-15,-3.800785587251413E-16,-7.200158807748051E-17
62999,1.713882269508573E-15,9.008388643043139E-17,8.490470770563739E-16,3.7960559239918163E-16
63654,1.3217840318963445E-15,1.899039285964235E-16,-2.1879379738864181E-16,-7.007531769201135E-16
5994,3.781211195296442E-16,-8.21703086048072E-17,-2.5292489018710453E-16,-8.905901428790146E-17
10438,1.0951698942198742E-16,6.937733079662117E-17,-3.1201066486801326E-17,-6.329026656063877E-17
12987,2.781249682366607E-16,8.039539657860483E-17,1.3292070437609055E-16,-1.5702023985202768E-16
18011,2.164199652152431E-15,7.88995357743829E-16,7.08354881613535E-16,-2.0901620301289437E-16
18079,1.7936371976737263E-15,5.866806259727271E-16,6.640707193147865E-16,-6.807291114341214E-17
19731,9.019201173619365E-17,-5.52027663871695E-17,6.203835264480025E-17,3.9336012397773035E-18
20724,6.411851028332365E-15,1.0882126567549767E-16,1.3583587489431434E-15,4.1277216853201916E-17
23397,2.5903755603641553E-16,1.0838700334149214E-17,-2.0417865137578406E-16,3.047113928541391E-17
23861,1.4783106516899998E-15,-1.0396217588857197E-16,-8.083251502015383E-16,2.696734821265315E-16
32704,6.715238343504775E-15,-1.1251422513119877E-15,-5.072354833744503E-16,1.3950989008590502E-16
34618,3.8332085878174444E-15,1.0191376526256599E-15,-7.39979295404474E-16,8.673431601448679E-16
36989,1.9334639924817494E-15,-3.2987199739255153E-16,-4.235430252797641E-16,-8.456248997778086E-16
43219,6.433848129831602E-16,-1.6375771447367024E-16,-1.2199988670066046E-16,-3.7374984131022306E-16
46901,1.5951275172849658E-15,5.459202534195121E-16,6.118990715975208E-16,-2.6234398586957396E-16
58723,9.678826678233767E-16,2.02497847545558E-16,-5.463601655162968E-16,1.3089754855204363E-16
60223,2.096780096864563E-15,-9.481820591310214E-16,-4.469358715594775E-16,-8.201739133692914E-17
60664,4.881961787622853E-16,9.52850486064374E-17,2.7108634681251364E-16,2.0309455903868666E-16
62823,3.555346847295422E-15,1.2665553039881108E-15,6.193463843487346E-17,-7.231692783773214E-16
677,2.0503454410535336E-16,1.4851368714273293E-16,-1.2333060868465356E-17,8.495899015591029E-17
1536,9.617574837483897E-16,-9.202659097823136E-17,2.2777237875153854E-16,-5.5642214048997175E-16
1709,1.057681533217269E-16,-8.397202648903526E-17,1.2629777802433141E-17,4.428318590922567E-17
1959,1.9579719092459235E-16,5.796896462032114E-17,-6.526587963575721E-17,-1.390176095345189E-16
5186,1.437871973518327E-15,7.377149982607111E-16,-8.247840588709228E-17,3.21612131263946E-16
6247,7.705857246795703E-16,-9.655368441030727E-17,4.677147615735812E-16,-1.6841684757624894E-16
11130,6.781672935379722E-15,-3.205718436282464E-16,-1.4917541741719387E-15,2.489109652678612E-16
21742,1.130213993004782E-16,1.459290774721225E-18,1.0095995473274729E-16,1.5766420159963808E-17
21907,1.9001286618816622E-15,-5.829995204108413E-17,9.284550972781293E-16,-2.3649154973518703E-16
34527,6.212237303039787E-15,6.555692695775955E-16,8.154224323274154E-16,9.108035649404302E-16
36123,8.597018284227901E-15,1.2903042557954129E-15,-2.643567043706038E-16,-1.1008585363612489E-15
36479,1.1260428715093664E-15,-4.15867321668404E-16,2.802588216361273E-16,-3.735397110586441E-16
45372,2.436016520135603E-16,4.767809869976804E-17,1.396269496418852E-16,1.2708955446671833E-16
50085,6.53522949212115E-16,3.675583231331118E-16,1.8510719092553306E-16,2.3484980094003594E-17
58087,5.145351253148743E-16,-3.2477857550638425E-16,1.4707013928114132E-16,1.1681264762740506E-16
58787,1.4531792474027262E-16,-3.3367272278774016E-17,-6.801262400208186E-17,-1.011791028860528E-16
59105,1.552275582814275E-15,-7.319039210291394E-16,4.723804949328675E-16,-1.3369892099622266E-16
7237,4.113679343996614E-15,-1.2423629111650196E-15,2.976880409733396E-16,-9.486550312416594E-16
9847,2.3076497531827504E-15,2.536313978018896E-16,5.90528253306299E-16,-8.387987955055489E-16
9879,3.189220602612789E-15,-9.207520493158646E-16,8.9424581374084E-16,3.8796440881207107E-16
16417,6.241311144123068E-15,-5.381835409058713E-16,-9.504763783392964E-16,-9.555945761134825E-16
19200,4.188690994524224E-15,-1.1287933075512451E-15,-2.664097068917893E-16,-1.0346042866099704E-15
20787,3.735247335678757E-15,-5.944977154229493E-16,1.4511628001045716E-15,2.528761759613381E-16
34857,8.684358783600372E-16,2.690473751502891E-16,-4.596370277894048E-16,1.817417798753009E-16
35662,3.3501665198714854E-16,-1.759822048460753E-16,3.9957273206599376E-17,-1.8060860730150154E-16
40248,3.2485585569676813E-15,-9.250784003601698E-16,-2.984781218358649E-16,9.11644034681715E-16
42708,2.616470238463956E-15,-3.599436463657596E-18,-6.43119552659182E-16,1.0189908043205232E-15
44905,5.102793356300818E-16,-2.3792972595585226E-16,-1.117785616369093E-16,2.574751306279577E-16
54017,6.79355888454356E-15,-1.0834404827338E-15,4.3294909066482153E-16,3.6781179596004883E-16
60920,8.983519660527307E-16,-6.535935264264913E-17,1.7006763850494892E-16,5.542196355740397E-16
63788,2.261491867909466E-15,1.1146379065239494E-15,1.1516868220985456E-16,-3.1155867281383374E-17
1159,6.58664242067569E-17,-2.213307390426411E-17,-5.749403625677198E-17,1.0923943391773999E-17
9861,8.280731398180006E-15,-1.2782252536427807E-15,1.0716899316578483E-15,4.899526463201644E-16
15662,1.3014510306405396E-15,4.513505018651755E-16,-4.0800215708954845E-16,4.548346816705386E-16
21111,1.1272168419883872E-15,-1.724891497446139E-16,-2.087758513946776E-16,-6.195535185227944E-16
24379,1.6119868356245143E-15,6.663112924271109E-16,-2.532802133849538E-16,4.83478143376049E-16
24785,3.535400534530722E-16,1.8139477607482207E-16,-1.9720758122582814E-16,3.658975467188015E-17
26072,3.73902060251407E-15,-1.2433870726000254E-15,6.277955559055961E-16,1.437904785350333E-16
37848,1.4737241509083136E-15,5.783050130074741E-17,4.0423186105904697E-16,-7.206962837835382E-16
49146,3.38098174052785E-15,1.1093423328523824E-15,-6.032217898039886E-16,-6.091531696629267E-16
50705,5.67610013790977E-16,2.3011365647512797E-16,2.2436692859785456E-16,2.4012898565459974E-16
59062,2.1115056123182456E-16,7.372313231373137E-17,-5.484102853858655E-17,-1.5072910835982607E-16
